{
	"info": {
		"_postman_id": "034bfd63-5506-5e22-8fe3-f30c438b6840",
		"name": "Dataset Service API",
		"description": "- Service description:\n    - The Dataset Service API provides several endpoints to help you manage data usage labels for existing datasets within the Data Lake. Data usage labels are part of Adobe Experience Platform Data Governance, which allows you to manage customer data and ensure compliance with regulations, restrictions, and policies applicable to data use. Dataset Service is separate from Catalog Service, which manages other dataset metadata.\n\n- Related documentation:\n    - [Data Governance documentation](https://docs.adobe.com/content/help/en/experience-platform/data-governance/home.html)\n    - [Catalog Service documentation](https://docs.adobe.com/content/help/en/experience-platform/catalog/home.html)\n\n- API paths:\n    - PLATFORM Gateway URL: https://<span>platform.adobe.io/\n    - Base path for this API: /data/foundation/dataset\n    - Example of a complete path: https://<span>platform.adobe.io/data/foundation/dataset/datasets/5abd49645591445e1ba04f87/labels\n\n- Required headers:\n    - All calls require the headers `Authorization`, `x-gw-ims-org-id`, and `x-api-key`. For more information on how to obtain these values, see the [authentication tutorial](https://docs.adobe.com/content/help/en/experience-platform/tutorials/authentication.html).\n    - All resources in Experience Platform are isolated to specific virtual sandboxes. All requests to Platform APIs require the header `x-sandbox-name` whose value is the all-lowercase name of the sandbox the operation will take place in (for example, \"prod\"). See the [sandboxes overview](https://docs.adobe.com/content/help/en/experience-platform/sandbox/home.html) for more information.\n    - All requests with a payload in the request body (such as POST, PUT, and PATCH calls) must include the header `Content-Type` with a value of `application/json`.",
		"schema": "https://schema.getpostman.com/json/collection/v2.1.0/collection.json"
	},
	"item": [
		{
			"name": "Datasets",
			"item": [
				{
					"name": "Retrieve data usage labels for a specified dataset.",
					"event": [
						{
							"listen": "prerequest",
							"script": {
								"type": "text/javascript",
								"exec": [
									"/** Begin Adobe-provided Pre-Request Scripts **/",
									"// Do not send HTTP Headers with empty variables, as Postman will send the literal variable name",
									"pm.request.headers.each(header => {",
									"    if (header.value.startsWith(\"{{\") && header.value.endsWith(\"}}\")) {",
									"        if (!pm.variables.get(header.value.substring(2, header.value.length - 2))) { pm.request.headers.remove(header.key); }",
									"    }",
									"});",
									"",
									"// Do not send HTTP URL Query Parameters with empty variables, as Postman will send the literal variable name",
									"pm.request.url.query.remove(q => { ",
									"    if (q.value.startsWith(\"{{\") && q.value.endsWith(\"}}\")) {",
									"        return !pm.variables.get(q.value.substring(2, q.value.length - 2));",
									"    } ",
									"});",
									"/** End Adobe-provided Pre-Request Scripts **/"
								]
							}
						}
					],
					"_postman_id": "3b461d17-71ef-5ed5-b516-baa186dae091",
					"request": {
						"method": "GET",
						"header": [
							{
								"key": "Authorization",
								"value": "Bearer {{ACCESS_TOKEN}}",
								"description": "The access token which can be copied from your Experience Platform integration, prefixed with \"Bearer\". For more information on how to obtain this value, visit the [authentication tutorial](https://docs.adobe.com/content/help/en/experience-platform/tutorials/authentication.html).",
								"type": "string",
								"enabled": true
							},
							{
								"key": "x-api-key",
								"value": "{{API_KEY}}",
								"description": "The API key which can be copied from your Experience Platform integration. For more information on how to obtain this value, visit the [authentication tutorial](https://docs.adobe.com/content/help/en/experience-platform/tutorials/authentication.html).",
								"type": "string",
								"enabled": true
							},
							{
								"key": "x-gw-ims-org-id",
								"value": "{{IMS_ORG}}",
								"description": "The Organization ID which can be copied from your Experience Platform integration. For more information on how to obtain this value, visit the [authentication tutorial](https://docs.adobe.com/content/help/en/experience-platform/tutorials/authentication.html).",
								"type": "string",
								"enabled": true
							},
							{
								"key": "x-sandbox-name",
								"value": "{{SANDBOX_NAME}}",
								"description": "The name of the sandbox in which the operation will take place. See the [sandboxes overview documentation](https://docs.adobe.com/content/help/en/experience-platform/sandbox/home.html) for more information.",
								"type": "string",
								"enabled": true
							},
							{
								"key": "Accept",
								"value": "application/vnd.adobe.xed+json; version=1",
								"description": "The desired response format (application/vnd.adobe.xed-full+json; version=1). 'Version' is required.",
								"type": "string",
								"enabled": true
							}
						],
						"body": {
							"mode": "formdata",
							"formdata": []
						},
						"url": {
							"raw": "https://platform.adobe.io/data/foundation/dataset/datasets/:DATASET_ID/labels",
							"protocol": "https",
							"host": [
								"platform",
								"adobe",
								"io"
							],
							"path": [
								"data",
								"foundation",
								"dataset",
								"datasets",
								":DATASET_ID",
								"labels"
							],
							"variable": [
								{
									"value": "{{DATASET_ID}}",
									"id": "DATASET_ID"
								}
							]
						}
					},
					"response": []
				},
				{
					"name": "Update the data usage labels for a specified dataset, and/or specific fields within that dataset.",
					"event": [
						{
							"listen": "prerequest",
							"script": {
								"type": "text/javascript",
								"exec": [
									"/** Begin Adobe-provided Pre-Request Scripts **/",
									"// Do not send HTTP Headers with empty variables, as Postman will send the literal variable name",
									"pm.request.headers.each(header => {",
									"    if (header.value.startsWith(\"{{\") && header.value.endsWith(\"}}\")) {",
									"        if (!pm.variables.get(header.value.substring(2, header.value.length - 2))) { pm.request.headers.remove(header.key); }",
									"    }",
									"});",
									"",
									"// Do not send HTTP URL Query Parameters with empty variables, as Postman will send the literal variable name",
									"pm.request.url.query.remove(q => { ",
									"    if (q.value.startsWith(\"{{\") && q.value.endsWith(\"}}\")) {",
									"        return !pm.variables.get(q.value.substring(2, q.value.length - 2));",
									"    } ",
									"});",
									"/** End Adobe-provided Pre-Request Scripts **/"
								]
							}
						}
					],
					"_postman_id": "e9c1cb84-9ebc-5936-bdd5-6f550c42d564",
					"request": {
						"method": "PUT",
						"header": [
							{
								"key": "Authorization",
								"value": "Bearer {{ACCESS_TOKEN}}",
								"description": "The access token which can be copied from your Experience Platform integration, prefixed with \"Bearer\". For more information on how to obtain this value, visit the [authentication tutorial](https://docs.adobe.com/content/help/en/experience-platform/tutorials/authentication.html).",
								"type": "string",
								"enabled": true
							},
							{
								"key": "x-api-key",
								"value": "{{API_KEY}}",
								"description": "The API key which can be copied from your Experience Platform integration. For more information on how to obtain this value, visit the [authentication tutorial](https://docs.adobe.com/content/help/en/experience-platform/tutorials/authentication.html).",
								"type": "string",
								"enabled": true
							},
							{
								"key": "x-gw-ims-org-id",
								"value": "{{IMS_ORG}}",
								"description": "The Organization ID which can be copied from your Experience Platform integration. For more information on how to obtain this value, visit the [authentication tutorial](https://docs.adobe.com/content/help/en/experience-platform/tutorials/authentication.html).",
								"type": "string",
								"enabled": true
							},
							{
								"key": "x-sandbox-name",
								"value": "{{SANDBOX_NAME}}",
								"description": "The name of the sandbox in which the operation will take place. See the [sandboxes overview documentation](https://docs.adobe.com/content/help/en/experience-platform/sandbox/home.html) for more information.",
								"type": "string",
								"enabled": true
							},
							{
								"key": "If-Match",
								"value": "{{If-Match}}",
								"description": "The version of the dataset entity to compare against. As a requirement for all PUT and DELETE requests for dataset labels, the call will only update the dataset entity if the \"If-Match\" string matches that of the \"etag\" header that is returned in all responses from the Dataset Service API.",
								"type": "string",
								"enabled": true
							},
							{
								"key": "Accept",
								"value": "application/vnd.adobe.xed+json; version=1",
								"description": "The desired response format (application/vnd.adobe.xed-full+json; version=1). 'Version' is required.",
								"type": "string",
								"enabled": true
							}
						],
						"body": {
							"mode": "raw",
							"raw": "{{body}}"
						},
						"url": {
							"raw": "https://platform.adobe.io/data/foundation/dataset/datasets/:DATASET_ID/labels",
							"protocol": "https",
							"host": [
								"platform",
								"adobe",
								"io"
							],
							"path": [
								"data",
								"foundation",
								"dataset",
								"datasets",
								":DATASET_ID",
								"labels"
							],
							"variable": [
								{
									"value": "{{DATASET_ID}}",
									"id": "DATASET_ID"
								}
							]
						}
					},
					"response": []
				},
				{
					"name": "Add data usage labels to a specified dataset, and/or specific fields within that dataset.",
					"event": [
						{
							"listen": "prerequest",
							"script": {
								"type": "text/javascript",
								"exec": [
									"/** Begin Adobe-provided Pre-Request Scripts **/",
									"// Do not send HTTP Headers with empty variables, as Postman will send the literal variable name",
									"pm.request.headers.each(header => {",
									"    if (header.value.startsWith(\"{{\") && header.value.endsWith(\"}}\")) {",
									"        if (!pm.variables.get(header.value.substring(2, header.value.length - 2))) { pm.request.headers.remove(header.key); }",
									"    }",
									"});",
									"",
									"// Do not send HTTP URL Query Parameters with empty variables, as Postman will send the literal variable name",
									"pm.request.url.query.remove(q => { ",
									"    if (q.value.startsWith(\"{{\") && q.value.endsWith(\"}}\")) {",
									"        return !pm.variables.get(q.value.substring(2, q.value.length - 2));",
									"    } ",
									"});",
									"/** End Adobe-provided Pre-Request Scripts **/"
								]
							}
						}
					],
					"_postman_id": "d6b2041d-3263-54ba-99ce-6e4e2959a71e",
					"request": {
						"method": "POST",
						"header": [
							{
								"key": "Authorization",
								"value": "Bearer {{ACCESS_TOKEN}}",
								"description": "The access token which can be copied from your Experience Platform integration, prefixed with \"Bearer\". For more information on how to obtain this value, visit the [authentication tutorial](https://docs.adobe.com/content/help/en/experience-platform/tutorials/authentication.html).",
								"type": "string",
								"enabled": true
							},
							{
								"key": "x-api-key",
								"value": "{{API_KEY}}",
								"description": "The API key which can be copied from your Experience Platform integration. For more information on how to obtain this value, visit the [authentication tutorial](https://docs.adobe.com/content/help/en/experience-platform/tutorials/authentication.html).",
								"type": "string",
								"enabled": true
							},
							{
								"key": "x-gw-ims-org-id",
								"value": "{{IMS_ORG}}",
								"description": "The Organization ID which can be copied from your Experience Platform integration. For more information on how to obtain this value, visit the [authentication tutorial](https://docs.adobe.com/content/help/en/experience-platform/tutorials/authentication.html).",
								"type": "string",
								"enabled": true
							},
							{
								"key": "x-sandbox-name",
								"value": "{{SANDBOX_NAME}}",
								"description": "Identifies the Adobe Experience Platform sandbox to use. Default sandbox is 'prod'",
								"type": "string",
								"enabled": true
							},
							{
								"key": "Accept",
								"value": "application/vnd.adobe.xed+json; version=1",
								"description": "The desired response format (application/vnd.adobe.xed-full+json; version=1). 'Version' is required.",
								"type": "string",
								"enabled": true
							}
						],
						"body": {
							"mode": "raw",
							"raw": "{{body}}"
						},
						"url": {
							"raw": "https://platform.adobe.io/data/foundation/dataset/datasets/:DATASET_ID/labels",
							"protocol": "https",
							"host": [
								"platform",
								"adobe",
								"io"
							],
							"path": [
								"data",
								"foundation",
								"dataset",
								"datasets",
								":DATASET_ID",
								"labels"
							],
							"variable": [
								{
									"value": "{{DATASET_ID}}",
									"id": "DATASET_ID"
								}
							]
						}
					},
					"response": []
				},
				{
					"name": "Remove all data usage labels for a specified dataset.",
					"event": [
						{
							"listen": "prerequest",
							"script": {
								"type": "text/javascript",
								"exec": [
									"/** Begin Adobe-provided Pre-Request Scripts **/",
									"// Do not send HTTP Headers with empty variables, as Postman will send the literal variable name",
									"pm.request.headers.each(header => {",
									"    if (header.value.startsWith(\"{{\") && header.value.endsWith(\"}}\")) {",
									"        if (!pm.variables.get(header.value.substring(2, header.value.length - 2))) { pm.request.headers.remove(header.key); }",
									"    }",
									"});",
									"",
									"// Do not send HTTP URL Query Parameters with empty variables, as Postman will send the literal variable name",
									"pm.request.url.query.remove(q => { ",
									"    if (q.value.startsWith(\"{{\") && q.value.endsWith(\"}}\")) {",
									"        return !pm.variables.get(q.value.substring(2, q.value.length - 2));",
									"    } ",
									"});",
									"/** End Adobe-provided Pre-Request Scripts **/"
								]
							}
						}
					],
					"_postman_id": "99cd3ab6-a96f-52d6-a8f4-90428a32148a",
					"request": {
						"method": "DELETE",
						"header": [
							{
								"key": "Authorization",
								"value": "Bearer {{ACCESS_TOKEN}}",
								"description": "The access token which can be copied from your Experience Platform integration, prefixed with \"Bearer\". For more information on how to obtain this value, visit the [authentication tutorial](https://docs.adobe.com/content/help/en/experience-platform/tutorials/authentication.html).",
								"type": "string",
								"enabled": true
							},
							{
								"key": "x-api-key",
								"value": "{{API_KEY}}",
								"description": "The API key which can be copied from your Experience Platform integration. For more information on how to obtain this value, visit the [authentication tutorial](https://docs.adobe.com/content/help/en/experience-platform/tutorials/authentication.html).",
								"type": "string",
								"enabled": true
							},
							{
								"key": "x-gw-ims-org-id",
								"value": "{{IMS_ORG}}",
								"description": "The Organization ID which can be copied from your Experience Platform integration. For more information on how to obtain this value, visit the [authentication tutorial](https://docs.adobe.com/content/help/en/experience-platform/tutorials/authentication.html).",
								"type": "string",
								"enabled": true
							},
							{
								"key": "x-sandbox-name",
								"value": "{{SANDBOX_NAME}}",
								"description": "The name of the sandbox in which the operation will take place. See the [sandboxes overview documentation](https://docs.adobe.com/content/help/en/experience-platform/sandbox/home.html) for more information.",
								"type": "string",
								"enabled": true
							},
							{
								"key": "If-Match",
								"value": "{{If-Match}}",
								"description": "The version of the dataset entity to compare against. As a requirement for all PUT and DELETE requests for dataset labels, the call will only update the dataset entity if the \"If-Match\" string matches that of the \"etag\" header that is returned in all responses from the Dataset Service API.",
								"type": "string",
								"enabled": true
							},
							{
								"key": "Accept",
								"value": "application/vnd.adobe.xed+json; version=1",
								"description": "The desired response format (application/vnd.adobe.xed-full+json; version=1). 'Version' is required.",
								"type": "string",
								"enabled": true
							}
						],
						"body": {
							"mode": "formdata",
							"formdata": []
						},
						"url": {
							"raw": "https://platform.adobe.io/data/foundation/dataset/datasets/:DATASET_ID/labels",
							"protocol": "https",
							"host": [
								"platform",
								"adobe",
								"io"
							],
							"path": [
								"data",
								"foundation",
								"dataset",
								"datasets",
								":DATASET_ID",
								"labels"
							],
							"variable": [
								{
									"value": "{{DATASET_ID}}",
									"id": "DATASET_ID"
								}
							]
						},
						"description": "The deletion is a 'non-strict' delete. That is, the entity, all labels for the entity, and any associated references to the dataset as a child entity will be removed."
					},
					"response": []
				}
			],
			"_postman_id": "511d604a-7cc4-59af-87c5-bf8f79521447",
			"description": "A dataset is a storage and management construct for a collection of data, typically a table, that contains a schema (columns) and fields (rows). Data usage labels can be applied to entire datasets or individual fields within those datasets in order to enforce usage restrictions."
		}
	]
}