{
	"info": {
		"_postman_id": "a8651004-47bc-5b92-a309-e1d2c13496a8",
		"name": "Mapping Service API Resource",
		"description": "Mapping Service allows data to land in CSV or other simpler formats and map this data to existing Experience Data Model (XDM) schemas before landing in Adobe Experience Platform.\nVisualize API calls with Postman (a free, third-party software):\n  * [Mapping Service API Postman collection on GitHub](https://github.com/adobe/experience-platform-postman-samples/blob/master/apis/experience-platform/Mapping%20Service%20API%20Resource.postman_collection.json)\n  * [Video guide for creating the Postman environment](https://video.tv.adobe.com/v/28832)\n  * [Steps for importing environments and collections in Postman](https://learning.getpostman.com/docs/postman/collection_runs/using_environments_in_collection_runs/)\n\nAPI paths:\n  * PLATFORM Gateway URL: https://<span>platform.adobe.io/\n  * Base path for this API: /data/foundation/conversion\n  * Example of a complete path: https://<span>platform.adobe.io/data/foundation/conversion/xdmBatchConversions\n\nRequired headers:\n  * All calls require the headers `Authorization`, `x-gw-ims-org-id`, and `x-api-key`. For more information on how to obtain these values, see the [authentication tutorial](https://docs.adobe.com/content/help/en/experience-platform/tutorials/authentication.html).\n  * All resources in Experience Platform are isolated to specific virtual sandboxes. All requests to Platform APIs require the header `x-sandbox-name` whose value is the all-lowercase name of the sandbox the operation will take place in (for example, \"prod\"). See the [sandboxes overview](https://docs.adobe.com/content/help/en/experience-platform/sandbox/home.html) for more information.\n  * All requests with a payload in the request body (such as POST, PUT, and PATCH calls) must include the header `Content-Type` with a value of `application/json`.",
		"schema": "https://schema.getpostman.com/json/collection/v2.1.0/collection.json"
	},
	"item": [
		{
			"name": "Mappings",
			"item": [
				{
					"name": "Returns all mapping sets for given IMS Org Id",
					"event": [
						{
							"listen": "prerequest",
							"script": {
								"type": "text/javascript",
								"exec": [
									"/** Begin Adobe-provided Pre-Request Scripts **/",
									"// Do not send HTTP Headers with empty variables, as Postman will send the literal variable name",
									"pm.request.headers.each(header => {",
									"    if (header.value.startsWith(\"{{\") && header.value.endsWith(\"}}\")) {",
									"        if (!pm.variables.get(header.value.substring(2, header.value.length - 2))) { pm.request.headers.remove(header.key); }",
									"    }",
									"});",
									"",
									"// Do not send HTTP URL Query Parameters with empty variables, as Postman will send the literal variable name",
									"pm.request.url.query.remove(q => { ",
									"    if (q.value.startsWith(\"{{\") && q.value.endsWith(\"}}\")) {",
									"        return !pm.variables.get(q.value.substring(2, q.value.length - 2));",
									"    } ",
									"});",
									"/** End Adobe-provided Pre-Request Scripts **/"
								]
							}
						}
					],
					"_postman_id": "f15059c1-73d5-5b7c-a99d-ad62f1f8322d",
					"request": {
						"method": "GET",
						"header": [
							{
								"key": "Authorization",
								"value": "Bearer {{ACCESS_TOKEN}}",
								"description": "The access token provided after authorization in the format “Bearer {ACCESS_TOKEN}”",
								"type": "string",
								"enabled": true
							},
							{
								"key": "x-api-key",
								"value": "{{API_KEY}}",
								"description": "Your specific API key for your unique Platform configuration ({API_KEY})",
								"type": "string",
								"enabled": true
							},
							{
								"key": "x-gw-ims-org-id",
								"value": "{{IMS_ORG}}",
								"description": "Unique Identifier for your IMS Organization ({IMS_ORG}).",
								"type": "string",
								"enabled": true
							},
							{
								"key": "x-sandbox-name",
								"value": "{{SANDBOX_NAME}}",
								"description": "The name of the sandbox in which the operation will take place. See the [sandboxes overview documentation](https://docs.adobe.com/content/help/en/experience-platform/sandbox/home.html) for more information.",
								"type": "string",
								"enabled": true
							},
							{
								"key": "Accept",
								"value": "application/vnd.adobe.xed+json; version=1",
								"description": "The desired response format (application/vnd.adobe.xed-full+json; version=1). 'Version' is required.",
								"type": "string",
								"enabled": true
							}
						],
						"body": {
							"mode": "formdata",
							"formdata": []
						},
						"url": {
							"raw": "https://platform.adobe.io/data/foundation/conversion/mappingSets?limit=10&name={{name}}&orderBy=lastUpdateDate&property={{property}}&start=0",
							"protocol": "https",
							"host": [
								"platform",
								"adobe",
								"io"
							],
							"path": [
								"data",
								"foundation",
								"conversion",
								"mappingSets"
							],
							"query": [
								{
									"key": "limit",
									"value": "10"
								},
								{
									"key": "name",
									"value": "{{name}}"
								},
								{
									"key": "orderBy",
									"value": "lastUpdateDate"
								},
								{
									"key": "property",
									"value": "{{property}}"
								},
								{
									"key": "start",
									"value": "0"
								}
							]
						},
						"description": "Returns all mapping set"
					},
					"response": []
				},
				{
					"name": "Create a mapping set",
					"event": [
						{
							"listen": "prerequest",
							"script": {
								"type": "text/javascript",
								"exec": [
									"/** Begin Adobe-provided Pre-Request Scripts **/",
									"// Do not send HTTP Headers with empty variables, as Postman will send the literal variable name",
									"pm.request.headers.each(header => {",
									"    if (header.value.startsWith(\"{{\") && header.value.endsWith(\"}}\")) {",
									"        if (!pm.variables.get(header.value.substring(2, header.value.length - 2))) { pm.request.headers.remove(header.key); }",
									"    }",
									"});",
									"",
									"// Do not send HTTP URL Query Parameters with empty variables, as Postman will send the literal variable name",
									"pm.request.url.query.remove(q => { ",
									"    if (q.value.startsWith(\"{{\") && q.value.endsWith(\"}}\")) {",
									"        return !pm.variables.get(q.value.substring(2, q.value.length - 2));",
									"    } ",
									"});",
									"/** End Adobe-provided Pre-Request Scripts **/"
								]
							}
						}
					],
					"_postman_id": "282ac2c3-0831-54ed-9aeb-45c5a4a82ef3",
					"request": {
						"method": "POST",
						"header": [
							{
								"key": "Content-Type",
								"value": "application/json"
							},
							{
								"key": "Authorization",
								"value": "Bearer {{ACCESS_TOKEN}}",
								"description": "The access token provided after authorization in the format “Bearer {ACCESS_TOKEN}”",
								"type": "string",
								"enabled": true
							},
							{
								"key": "x-api-key",
								"value": "{{API_KEY}}",
								"description": "Your specific API key for your unique Platform configuration ({API_KEY})",
								"type": "string",
								"enabled": true
							},
							{
								"key": "x-gw-ims-org-id",
								"value": "{{IMS_ORG}}",
								"description": "Unique Identifier for your IMS Organization ({IMS_ORG}).",
								"type": "string",
								"enabled": true
							},
							{
								"key": "x-sandbox-name",
								"value": "{{SANDBOX_NAME}}",
								"description": "The name of the sandbox in which the operation will take place. See the [sandboxes overview documentation](https://docs.adobe.com/content/help/en/experience-platform/sandbox/home.html) for more information.",
								"type": "string",
								"enabled": true
							},
							{
								"key": "Accept",
								"value": "application/vnd.adobe.xed+json; version=1",
								"description": "The desired response format (application/vnd.adobe.xed-full+json; version=1). 'Version' is required.",
								"type": "string",
								"enabled": true
							}
						],
						"body": {
							"mode": "raw",
							"raw": "{{mappingSet}}"
						},
						"url": {
							"raw": "https://platform.adobe.io/data/foundation/conversion/mappingSets?validate={{validate}}",
							"protocol": "https",
							"host": [
								"platform",
								"adobe",
								"io"
							],
							"path": [
								"data",
								"foundation",
								"conversion",
								"mappingSets"
							],
							"query": [
								{
									"key": "validate",
									"value": "{{validate}}"
								}
							]
						},
						"description": "Returns mapping set Id"
					},
					"response": []
				},
				{
					"name": "Suggest mappings for given source batch and destination data set",
					"event": [
						{
							"listen": "prerequest",
							"script": {
								"type": "text/javascript",
								"exec": [
									"/** Begin Adobe-provided Pre-Request Scripts **/",
									"// Do not send HTTP Headers with empty variables, as Postman will send the literal variable name",
									"pm.request.headers.each(header => {",
									"    if (header.value.startsWith(\"{{\") && header.value.endsWith(\"}}\")) {",
									"        if (!pm.variables.get(header.value.substring(2, header.value.length - 2))) { pm.request.headers.remove(header.key); }",
									"    }",
									"});",
									"",
									"// Do not send HTTP URL Query Parameters with empty variables, as Postman will send the literal variable name",
									"pm.request.url.query.remove(q => { ",
									"    if (q.value.startsWith(\"{{\") && q.value.endsWith(\"}}\")) {",
									"        return !pm.variables.get(q.value.substring(2, q.value.length - 2));",
									"    } ",
									"});",
									"/** End Adobe-provided Pre-Request Scripts **/"
								]
							}
						}
					],
					"_postman_id": "2817faf3-383b-5fc8-82d8-e0a75676eb15",
					"request": {
						"method": "GET",
						"header": [
							{
								"key": "Authorization",
								"value": "Bearer {{ACCESS_TOKEN}}",
								"description": "The access token provided after authorization in the format “Bearer {ACCESS_TOKEN}”",
								"type": "string",
								"enabled": true
							},
							{
								"key": "x-api-key",
								"value": "{{API_KEY}}",
								"description": "Your specific API key for your unique Platform configuration ({API_KEY})",
								"type": "string",
								"enabled": true
							},
							{
								"key": "x-gw-ims-org-id",
								"value": "{{IMS_ORG}}",
								"description": "Unique Identifier for your IMS Organization ({IMS_ORG}).",
								"type": "string",
								"enabled": true
							},
							{
								"key": "x-sandbox-name",
								"value": "{{SANDBOX_NAME}}",
								"description": "The name of the sandbox in which the operation will take place. See the [sandboxes overview documentation](https://docs.adobe.com/content/help/en/experience-platform/sandbox/home.html) for more information.",
								"type": "string",
								"enabled": true
							},
							{
								"key": "Accept",
								"value": "application/vnd.adobe.xed+json; version=1",
								"description": "The desired response format (application/vnd.adobe.xed-full+json; version=1). 'Version' is required.",
								"type": "string",
								"enabled": true
							}
						],
						"body": {
							"mode": "formdata",
							"formdata": []
						},
						"url": {
							"raw": "https://platform.adobe.io/data/foundation/conversion/mappingSets/suggestion?batchId={{batchId}}&datasetId={{datasetId}}&excludeUnmapped=true",
							"protocol": "https",
							"host": [
								"platform",
								"adobe",
								"io"
							],
							"path": [
								"data",
								"foundation",
								"conversion",
								"mappingSets",
								"suggestion"
							],
							"query": [
								{
									"key": "batchId",
									"value": "{{batchId}}"
								},
								{
									"key": "datasetId",
									"value": "{{datasetId}}"
								},
								{
									"key": "excludeUnmapped",
									"value": "true"
								}
							]
						},
						"description": "Returns non-persisted mapping set suggestion for review"
					},
					"response": []
				},
				{
					"name": "Returns mapping set for given id",
					"event": [
						{
							"listen": "prerequest",
							"script": {
								"type": "text/javascript",
								"exec": [
									"/** Begin Adobe-provided Pre-Request Scripts **/",
									"// Do not send HTTP Headers with empty variables, as Postman will send the literal variable name",
									"pm.request.headers.each(header => {",
									"    if (header.value.startsWith(\"{{\") && header.value.endsWith(\"}}\")) {",
									"        if (!pm.variables.get(header.value.substring(2, header.value.length - 2))) { pm.request.headers.remove(header.key); }",
									"    }",
									"});",
									"",
									"// Do not send HTTP URL Query Parameters with empty variables, as Postman will send the literal variable name",
									"pm.request.url.query.remove(q => { ",
									"    if (q.value.startsWith(\"{{\") && q.value.endsWith(\"}}\")) {",
									"        return !pm.variables.get(q.value.substring(2, q.value.length - 2));",
									"    } ",
									"});",
									"/** End Adobe-provided Pre-Request Scripts **/"
								]
							}
						}
					],
					"_postman_id": "d9dd30e6-60fb-5507-8ced-0b2d98988eb4",
					"request": {
						"method": "GET",
						"header": [
							{
								"key": "Authorization",
								"value": "Bearer {{ACCESS_TOKEN}}",
								"description": "The access token provided after authorization in the format “Bearer {ACCESS_TOKEN}”",
								"type": "string",
								"enabled": true
							},
							{
								"key": "x-api-key",
								"value": "{{API_KEY}}",
								"description": "Your specific API key for your unique Platform configuration ({API_KEY})",
								"type": "string",
								"enabled": true
							},
							{
								"key": "x-gw-ims-org-id",
								"value": "{{IMS_ORG}}",
								"description": "Unique Identifier for your IMS Organization ({IMS_ORG}).",
								"type": "string",
								"enabled": true
							},
							{
								"key": "x-sandbox-name",
								"value": "{{SANDBOX_NAME}}",
								"description": "The name of the sandbox in which the operation will take place. See the [sandboxes overview documentation](https://docs.adobe.com/content/help/en/experience-platform/sandbox/home.html) for more information.",
								"type": "string",
								"enabled": true
							},
							{
								"key": "Accept",
								"value": "application/vnd.adobe.xed+json; version=1",
								"description": "The desired response format (application/vnd.adobe.xed-full+json; version=1). 'Version' is required.",
								"type": "string",
								"enabled": true
							}
						],
						"body": {
							"mode": "formdata",
							"formdata": []
						},
						"url": {
							"raw": "https://platform.adobe.io/data/foundation/conversion/mappingSets/:id",
							"protocol": "https",
							"host": [
								"platform",
								"adobe",
								"io"
							],
							"path": [
								"data",
								"foundation",
								"conversion",
								"mappingSets",
								":id"
							],
							"variable": [
								{
									"value": "{{id}}",
									"id": "id"
								}
							]
						},
						"description": "Returns all mapping set"
					},
					"response": []
				},
				{
					"name": "Modify mapping set",
					"event": [
						{
							"listen": "prerequest",
							"script": {
								"type": "text/javascript",
								"exec": [
									"/** Begin Adobe-provided Pre-Request Scripts **/",
									"// Do not send HTTP Headers with empty variables, as Postman will send the literal variable name",
									"pm.request.headers.each(header => {",
									"    if (header.value.startsWith(\"{{\") && header.value.endsWith(\"}}\")) {",
									"        if (!pm.variables.get(header.value.substring(2, header.value.length - 2))) { pm.request.headers.remove(header.key); }",
									"    }",
									"});",
									"",
									"// Do not send HTTP URL Query Parameters with empty variables, as Postman will send the literal variable name",
									"pm.request.url.query.remove(q => { ",
									"    if (q.value.startsWith(\"{{\") && q.value.endsWith(\"}}\")) {",
									"        return !pm.variables.get(q.value.substring(2, q.value.length - 2));",
									"    } ",
									"});",
									"/** End Adobe-provided Pre-Request Scripts **/"
								]
							}
						}
					],
					"_postman_id": "1be1b228-9209-5874-b2ae-6442e8c48f1d",
					"request": {
						"method": "PUT",
						"header": [
							{
								"key": "Content-Type",
								"value": "application/json"
							},
							{
								"key": "Authorization",
								"value": "Bearer {{ACCESS_TOKEN}}",
								"description": "The access token provided after authorization in the format “Bearer {ACCESS_TOKEN}”",
								"type": "string",
								"enabled": true
							},
							{
								"key": "x-api-key",
								"value": "{{API_KEY}}",
								"description": "Your specific API key for your unique Platform configuration ({API_KEY})",
								"type": "string",
								"enabled": true
							},
							{
								"key": "x-gw-ims-org-id",
								"value": "{{IMS_ORG}}",
								"description": "Unique Identifier for your IMS Organization ({IMS_ORG}).",
								"type": "string",
								"enabled": true
							},
							{
								"key": "x-sandbox-name",
								"value": "{{SANDBOX_NAME}}",
								"description": "The name of the sandbox in which the operation will take place. See the [sandboxes overview documentation](https://docs.adobe.com/content/help/en/experience-platform/sandbox/home.html) for more information.",
								"type": "string",
								"enabled": true
							},
							{
								"key": "Accept",
								"value": "application/vnd.adobe.xed+json; version=1",
								"description": "The desired response format (application/vnd.adobe.xed-full+json; version=1). 'Version' is required.",
								"type": "string",
								"enabled": true
							}
						],
						"body": {
							"mode": "raw",
							"raw": "{{dms}}"
						},
						"url": {
							"raw": "https://platform.adobe.io/data/foundation/conversion/mappingSets/:id",
							"protocol": "https",
							"host": [
								"platform",
								"adobe",
								"io"
							],
							"path": [
								"data",
								"foundation",
								"conversion",
								"mappingSets",
								":id"
							],
							"variable": [
								{
									"value": "{{id}}",
									"id": "id"
								}
							]
						},
						"description": "Returns id"
					},
					"response": []
				},
				{
					"name": "Deletes  mapping set for given id",
					"event": [
						{
							"listen": "prerequest",
							"script": {
								"type": "text/javascript",
								"exec": [
									"/** Begin Adobe-provided Pre-Request Scripts **/",
									"// Do not send HTTP Headers with empty variables, as Postman will send the literal variable name",
									"pm.request.headers.each(header => {",
									"    if (header.value.startsWith(\"{{\") && header.value.endsWith(\"}}\")) {",
									"        if (!pm.variables.get(header.value.substring(2, header.value.length - 2))) { pm.request.headers.remove(header.key); }",
									"    }",
									"});",
									"",
									"// Do not send HTTP URL Query Parameters with empty variables, as Postman will send the literal variable name",
									"pm.request.url.query.remove(q => { ",
									"    if (q.value.startsWith(\"{{\") && q.value.endsWith(\"}}\")) {",
									"        return !pm.variables.get(q.value.substring(2, q.value.length - 2));",
									"    } ",
									"});",
									"/** End Adobe-provided Pre-Request Scripts **/"
								]
							}
						}
					],
					"_postman_id": "45d444ba-88a9-5c78-ab6d-6917abc9bc62",
					"request": {
						"method": "DELETE",
						"header": [
							{
								"key": "Authorization",
								"value": "Bearer {{ACCESS_TOKEN}}",
								"description": "The access token provided after authorization in the format “Bearer {ACCESS_TOKEN}”",
								"type": "string",
								"enabled": true
							},
							{
								"key": "x-api-key",
								"value": "{{API_KEY}}",
								"description": "Your specific API key for your unique Platform configuration ({API_KEY})",
								"type": "string",
								"enabled": true
							},
							{
								"key": "x-gw-ims-org-id",
								"value": "{{IMS_ORG}}",
								"description": "Unique Identifier for your IMS Organization ({IMS_ORG}).",
								"type": "string",
								"enabled": true
							},
							{
								"key": "x-sandbox-name",
								"value": "{{SANDBOX_NAME}}",
								"description": "The name of the sandbox in which the operation will take place. See the [sandboxes overview documentation](https://docs.adobe.com/content/help/en/experience-platform/sandbox/home.html) for more information.",
								"type": "string",
								"enabled": true
							},
							{
								"key": "Accept",
								"value": "application/vnd.adobe.xed+json; version=1",
								"description": "The desired response format (application/vnd.adobe.xed-full+json; version=1). 'Version' is required.",
								"type": "string",
								"enabled": true
							}
						],
						"body": {
							"mode": "formdata",
							"formdata": []
						},
						"url": {
							"raw": "https://platform.adobe.io/data/foundation/conversion/mappingSets/:id",
							"protocol": "https",
							"host": [
								"platform",
								"adobe",
								"io"
							],
							"path": [
								"data",
								"foundation",
								"conversion",
								"mappingSets",
								":id"
							],
							"variable": [
								{
									"value": "{{id}}",
									"id": "id"
								}
							]
						},
						"description": "Returns id"
					},
					"response": []
				},
				{
					"name": "Returns all mappings for a mapping set",
					"event": [
						{
							"listen": "prerequest",
							"script": {
								"type": "text/javascript",
								"exec": [
									"/** Begin Adobe-provided Pre-Request Scripts **/",
									"// Do not send HTTP Headers with empty variables, as Postman will send the literal variable name",
									"pm.request.headers.each(header => {",
									"    if (header.value.startsWith(\"{{\") && header.value.endsWith(\"}}\")) {",
									"        if (!pm.variables.get(header.value.substring(2, header.value.length - 2))) { pm.request.headers.remove(header.key); }",
									"    }",
									"});",
									"",
									"// Do not send HTTP URL Query Parameters with empty variables, as Postman will send the literal variable name",
									"pm.request.url.query.remove(q => { ",
									"    if (q.value.startsWith(\"{{\") && q.value.endsWith(\"}}\")) {",
									"        return !pm.variables.get(q.value.substring(2, q.value.length - 2));",
									"    } ",
									"});",
									"/** End Adobe-provided Pre-Request Scripts **/"
								]
							}
						}
					],
					"_postman_id": "3ec3a45e-97ff-564d-bc1a-d0f474c81e48",
					"request": {
						"method": "GET",
						"header": [
							{
								"key": "Authorization",
								"value": "Bearer {{ACCESS_TOKEN}}",
								"description": "The access token provided after authorization in the format “Bearer {ACCESS_TOKEN}”",
								"type": "string",
								"enabled": true
							},
							{
								"key": "x-api-key",
								"value": "{{API_KEY}}",
								"description": "Your specific API key for your unique Platform configuration ({API_KEY})",
								"type": "string",
								"enabled": true
							},
							{
								"key": "x-gw-ims-org-id",
								"value": "{{IMS_ORG}}",
								"description": "Unique Identifier for your IMS Organization ({IMS_ORG}).",
								"type": "string",
								"enabled": true
							},
							{
								"key": "x-sandbox-name",
								"value": "{{SANDBOX_NAME}}",
								"description": "The name of the sandbox in which the operation will take place. See the [sandboxes overview documentation](https://docs.adobe.com/content/help/en/experience-platform/sandbox/home.html) for more information.",
								"type": "string",
								"enabled": true
							},
							{
								"key": "Accept",
								"value": "application/vnd.adobe.xed+json; version=1",
								"description": "The desired response format (application/vnd.adobe.xed-full+json; version=1). 'Version' is required.",
								"type": "string",
								"enabled": true
							}
						],
						"body": {
							"mode": "formdata",
							"formdata": []
						},
						"url": {
							"raw": "https://platform.adobe.io/data/foundation/conversion/mappingSets/:mappingSetId/mappings",
							"protocol": "https",
							"host": [
								"platform",
								"adobe",
								"io"
							],
							"path": [
								"data",
								"foundation",
								"conversion",
								"mappingSets",
								":mappingSetId",
								"mappings"
							],
							"variable": [
								{
									"value": "{{mappingSetId}}",
									"id": "mappingSetId"
								}
							]
						},
						"description": "Returns id"
					},
					"response": []
				},
				{
					"name": "Create mappings for a mapping set",
					"event": [
						{
							"listen": "prerequest",
							"script": {
								"type": "text/javascript",
								"exec": [
									"/** Begin Adobe-provided Pre-Request Scripts **/",
									"// Do not send HTTP Headers with empty variables, as Postman will send the literal variable name",
									"pm.request.headers.each(header => {",
									"    if (header.value.startsWith(\"{{\") && header.value.endsWith(\"}}\")) {",
									"        if (!pm.variables.get(header.value.substring(2, header.value.length - 2))) { pm.request.headers.remove(header.key); }",
									"    }",
									"});",
									"",
									"// Do not send HTTP URL Query Parameters with empty variables, as Postman will send the literal variable name",
									"pm.request.url.query.remove(q => { ",
									"    if (q.value.startsWith(\"{{\") && q.value.endsWith(\"}}\")) {",
									"        return !pm.variables.get(q.value.substring(2, q.value.length - 2));",
									"    } ",
									"});",
									"/** End Adobe-provided Pre-Request Scripts **/"
								]
							}
						}
					],
					"_postman_id": "4b0e8fae-cbdf-5b0c-a5b8-90f1e9fcf520",
					"request": {
						"method": "POST",
						"header": [
							{
								"key": "Content-Type",
								"value": "application/json"
							},
							{
								"key": "Authorization",
								"value": "Bearer {{ACCESS_TOKEN}}",
								"description": "The access token provided after authorization in the format “Bearer {ACCESS_TOKEN}”",
								"type": "string",
								"enabled": true
							},
							{
								"key": "x-api-key",
								"value": "{{API_KEY}}",
								"description": "Your specific API key for your unique Platform configuration ({API_KEY})",
								"type": "string",
								"enabled": true
							},
							{
								"key": "x-gw-ims-org-id",
								"value": "{{IMS_ORG}}",
								"description": "Unique Identifier for your IMS Organization ({IMS_ORG}).",
								"type": "string",
								"enabled": true
							},
							{
								"key": "x-sandbox-name",
								"value": "{{SANDBOX_NAME}}",
								"description": "The name of the sandbox in which the operation will take place. See the [sandboxes overview documentation](https://docs.adobe.com/content/help/en/experience-platform/sandbox/home.html) for more information.",
								"type": "string",
								"enabled": true
							},
							{
								"key": "Accept",
								"value": "application/vnd.adobe.xed+json; version=1",
								"description": "The desired response format (application/vnd.adobe.xed-full+json; version=1). 'Version' is required.",
								"type": "string",
								"enabled": true
							}
						],
						"body": {
							"mode": "raw",
							"raw": "{{mapping}}"
						},
						"url": {
							"raw": "https://platform.adobe.io/data/foundation/conversion/mappingSets/:mappingSetId/mappings",
							"protocol": "https",
							"host": [
								"platform",
								"adobe",
								"io"
							],
							"path": [
								"data",
								"foundation",
								"conversion",
								"mappingSets",
								":mappingSetId",
								"mappings"
							],
							"variable": [
								{
									"value": "{{mappingSetId}}",
									"id": "mappingSetId"
								}
							]
						},
						"description": "Returns id"
					},
					"response": []
				},
				{
					"name": "Get a mapping from a mapping set",
					"event": [
						{
							"listen": "prerequest",
							"script": {
								"type": "text/javascript",
								"exec": [
									"/** Begin Adobe-provided Pre-Request Scripts **/",
									"// Do not send HTTP Headers with empty variables, as Postman will send the literal variable name",
									"pm.request.headers.each(header => {",
									"    if (header.value.startsWith(\"{{\") && header.value.endsWith(\"}}\")) {",
									"        if (!pm.variables.get(header.value.substring(2, header.value.length - 2))) { pm.request.headers.remove(header.key); }",
									"    }",
									"});",
									"",
									"// Do not send HTTP URL Query Parameters with empty variables, as Postman will send the literal variable name",
									"pm.request.url.query.remove(q => { ",
									"    if (q.value.startsWith(\"{{\") && q.value.endsWith(\"}}\")) {",
									"        return !pm.variables.get(q.value.substring(2, q.value.length - 2));",
									"    } ",
									"});",
									"/** End Adobe-provided Pre-Request Scripts **/"
								]
							}
						}
					],
					"_postman_id": "3269756d-1171-529a-b304-9c32b93b789f",
					"request": {
						"method": "GET",
						"header": [
							{
								"key": "Authorization",
								"value": "Bearer {{ACCESS_TOKEN}}",
								"description": "The access token provided after authorization in the format “Bearer {ACCESS_TOKEN}”",
								"type": "string",
								"enabled": true
							},
							{
								"key": "x-api-key",
								"value": "{{API_KEY}}",
								"description": "Your specific API key for your unique Platform configuration ({API_KEY})",
								"type": "string",
								"enabled": true
							},
							{
								"key": "x-gw-ims-org-id",
								"value": "{{IMS_ORG}}",
								"description": "Unique Identifier for your IMS Organization ({IMS_ORG}).",
								"type": "string",
								"enabled": true
							},
							{
								"key": "x-sandbox-name",
								"value": "{{SANDBOX_NAME}}",
								"description": "The name of the sandbox in which the operation will take place. See the [sandboxes overview documentation](https://docs.adobe.com/content/help/en/experience-platform/sandbox/home.html) for more information.",
								"type": "string",
								"enabled": true
							},
							{
								"key": "Accept",
								"value": "application/vnd.adobe.xed+json; version=1",
								"description": "The desired response format (application/vnd.adobe.xed-full+json; version=1). 'Version' is required.",
								"type": "string",
								"enabled": true
							}
						],
						"body": {
							"mode": "formdata",
							"formdata": []
						},
						"url": {
							"raw": "https://platform.adobe.io/data/foundation/conversion/mappingSets/:mappingSetId/mappings/:mappingId",
							"protocol": "https",
							"host": [
								"platform",
								"adobe",
								"io"
							],
							"path": [
								"data",
								"foundation",
								"conversion",
								"mappingSets",
								":mappingSetId",
								"mappings",
								":mappingId"
							],
							"variable": [
								{
									"value": "{{mappingId}}",
									"id": "mappingId"
								},
								{
									"value": "{{mappingSetId}}",
									"id": "mappingSetId"
								}
							]
						},
						"description": "Returns mapping spec"
					},
					"response": []
				},
				{
					"name": "Modify a mapping for a mapping set",
					"event": [
						{
							"listen": "prerequest",
							"script": {
								"type": "text/javascript",
								"exec": [
									"/** Begin Adobe-provided Pre-Request Scripts **/",
									"// Do not send HTTP Headers with empty variables, as Postman will send the literal variable name",
									"pm.request.headers.each(header => {",
									"    if (header.value.startsWith(\"{{\") && header.value.endsWith(\"}}\")) {",
									"        if (!pm.variables.get(header.value.substring(2, header.value.length - 2))) { pm.request.headers.remove(header.key); }",
									"    }",
									"});",
									"",
									"// Do not send HTTP URL Query Parameters with empty variables, as Postman will send the literal variable name",
									"pm.request.url.query.remove(q => { ",
									"    if (q.value.startsWith(\"{{\") && q.value.endsWith(\"}}\")) {",
									"        return !pm.variables.get(q.value.substring(2, q.value.length - 2));",
									"    } ",
									"});",
									"/** End Adobe-provided Pre-Request Scripts **/"
								]
							}
						}
					],
					"_postman_id": "5f540f3d-dc32-53ed-ba98-46ca02dd94c9",
					"request": {
						"method": "PUT",
						"header": [
							{
								"key": "Content-Type",
								"value": "application/json"
							},
							{
								"key": "Authorization",
								"value": "Bearer {{ACCESS_TOKEN}}",
								"description": "The access token provided after authorization in the format “Bearer {ACCESS_TOKEN}”",
								"type": "string",
								"enabled": true
							},
							{
								"key": "x-api-key",
								"value": "{{API_KEY}}",
								"description": "Your specific API key for your unique Platform configuration ({API_KEY})",
								"type": "string",
								"enabled": true
							},
							{
								"key": "x-gw-ims-org-id",
								"value": "{{IMS_ORG}}",
								"description": "Unique Identifier for your IMS Organization ({IMS_ORG}).",
								"type": "string",
								"enabled": true
							},
							{
								"key": "x-sandbox-name",
								"value": "{{SANDBOX_NAME}}",
								"description": "The name of the sandbox in which the operation will take place. See the [sandboxes overview documentation](https://docs.adobe.com/content/help/en/experience-platform/sandbox/home.html) for more information.",
								"type": "string",
								"enabled": true
							},
							{
								"key": "Accept",
								"value": "application/vnd.adobe.xed+json; version=1",
								"description": "The desired response format (application/vnd.adobe.xed-full+json; version=1). 'Version' is required.",
								"type": "string",
								"enabled": true
							}
						],
						"body": {
							"mode": "raw",
							"raw": "{{mapping}}"
						},
						"url": {
							"raw": "https://platform.adobe.io/data/foundation/conversion/mappingSets/:mappingSetId/mappings/:mappingId",
							"protocol": "https",
							"host": [
								"platform",
								"adobe",
								"io"
							],
							"path": [
								"data",
								"foundation",
								"conversion",
								"mappingSets",
								":mappingSetId",
								"mappings",
								":mappingId"
							],
							"variable": [
								{
									"value": "{{mappingId}}",
									"id": "mappingId"
								},
								{
									"value": "{{mappingSetId}}",
									"id": "mappingSetId"
								}
							]
						},
						"description": "Returns mapping spec"
					},
					"response": []
				},
				{
					"name": "Delete a mapping for a mapping set",
					"event": [
						{
							"listen": "prerequest",
							"script": {
								"type": "text/javascript",
								"exec": [
									"/** Begin Adobe-provided Pre-Request Scripts **/",
									"// Do not send HTTP Headers with empty variables, as Postman will send the literal variable name",
									"pm.request.headers.each(header => {",
									"    if (header.value.startsWith(\"{{\") && header.value.endsWith(\"}}\")) {",
									"        if (!pm.variables.get(header.value.substring(2, header.value.length - 2))) { pm.request.headers.remove(header.key); }",
									"    }",
									"});",
									"",
									"// Do not send HTTP URL Query Parameters with empty variables, as Postman will send the literal variable name",
									"pm.request.url.query.remove(q => { ",
									"    if (q.value.startsWith(\"{{\") && q.value.endsWith(\"}}\")) {",
									"        return !pm.variables.get(q.value.substring(2, q.value.length - 2));",
									"    } ",
									"});",
									"/** End Adobe-provided Pre-Request Scripts **/"
								]
							}
						}
					],
					"_postman_id": "de34c283-1576-5e02-9843-91629a5e50be",
					"request": {
						"method": "DELETE",
						"header": [
							{
								"key": "Authorization",
								"value": "Bearer {{ACCESS_TOKEN}}",
								"description": "The access token provided after authorization in the format “Bearer {ACCESS_TOKEN}”",
								"type": "string",
								"enabled": true
							},
							{
								"key": "x-api-key",
								"value": "{{API_KEY}}",
								"description": "Your specific API key for your unique Platform configuration ({API_KEY})",
								"type": "string",
								"enabled": true
							},
							{
								"key": "x-gw-ims-org-id",
								"value": "{{IMS_ORG}}",
								"description": "Unique Identifier for your IMS Organization ({IMS_ORG}).",
								"type": "string",
								"enabled": true
							},
							{
								"key": "x-sandbox-name",
								"value": "{{SANDBOX_NAME}}",
								"description": "The name of the sandbox in which the operation will take place. See the [sandboxes overview documentation](https://docs.adobe.com/content/help/en/experience-platform/sandbox/home.html) for more information.",
								"type": "string",
								"enabled": true
							},
							{
								"key": "Accept",
								"value": "application/vnd.adobe.xed+json; version=1",
								"description": "The desired response format (application/vnd.adobe.xed-full+json; version=1). 'Version' is required.",
								"type": "string",
								"enabled": true
							}
						],
						"body": {
							"mode": "formdata",
							"formdata": []
						},
						"url": {
							"raw": "https://platform.adobe.io/data/foundation/conversion/mappingSets/:mappingSetId/mappings/:mappingId",
							"protocol": "https",
							"host": [
								"platform",
								"adobe",
								"io"
							],
							"path": [
								"data",
								"foundation",
								"conversion",
								"mappingSets",
								":mappingSetId",
								"mappings",
								":mappingId"
							],
							"variable": [
								{
									"value": "{{mappingId}}",
									"id": "mappingId"
								},
								{
									"value": "{{mappingSetId}}",
									"id": "mappingSetId"
								}
							]
						},
						"description": "Returns id"
					},
					"response": []
				}
			],
			"_postman_id": "2e62d5b4-ef5a-53c3-8b5f-c3a9c4d799b9",
			"description": "Mapping Set Rest Controller"
		},
		{
			"name": "Data Conversion",
			"item": [
				{
					"name": "Returns all XDM Conversions",
					"event": [
						{
							"listen": "prerequest",
							"script": {
								"type": "text/javascript",
								"exec": [
									"/** Begin Adobe-provided Pre-Request Scripts **/",
									"// Do not send HTTP Headers with empty variables, as Postman will send the literal variable name",
									"pm.request.headers.each(header => {",
									"    if (header.value.startsWith(\"{{\") && header.value.endsWith(\"}}\")) {",
									"        if (!pm.variables.get(header.value.substring(2, header.value.length - 2))) { pm.request.headers.remove(header.key); }",
									"    }",
									"});",
									"",
									"// Do not send HTTP URL Query Parameters with empty variables, as Postman will send the literal variable name",
									"pm.request.url.query.remove(q => { ",
									"    if (q.value.startsWith(\"{{\") && q.value.endsWith(\"}}\")) {",
									"        return !pm.variables.get(q.value.substring(2, q.value.length - 2));",
									"    } ",
									"});",
									"/** End Adobe-provided Pre-Request Scripts **/"
								]
							}
						}
					],
					"_postman_id": "5a54d327-0459-5b1b-8275-da5f1aa50d0c",
					"request": {
						"method": "GET",
						"header": [
							{
								"key": "Authorization",
								"value": "Bearer {{ACCESS_TOKEN}}",
								"description": "The access token provided after authorization in the format “Bearer {ACCESS_TOKEN}”",
								"type": "string",
								"enabled": true
							},
							{
								"key": "x-api-key",
								"value": "{{API_KEY}}",
								"description": "Your specific API key for your unique Platform configuration ({API_KEY})",
								"type": "string",
								"enabled": true
							},
							{
								"key": "x-gw-ims-org-id",
								"value": "{{IMS_ORG}}",
								"description": "Unique Identifier for your IMS Organization ({IMS_ORG}).",
								"type": "string",
								"enabled": true
							},
							{
								"key": "x-sandbox-name",
								"value": "{{SANDBOX_NAME}}",
								"description": "The name of the sandbox in which the operation will take place. See the [sandboxes overview documentation](https://docs.adobe.com/content/help/en/experience-platform/sandbox/home.html) for more information.",
								"type": "string",
								"enabled": true
							},
							{
								"key": "Accept",
								"value": "application/vnd.adobe.xed+json; version=1",
								"description": "The desired response format (application/vnd.adobe.xed-full+json; version=1). 'Version' is required.",
								"type": "string",
								"enabled": true
							}
						],
						"body": {
							"mode": "formdata",
							"formdata": []
						},
						"url": {
							"raw": "https://platform.adobe.io/data/foundation/conversion/xdmBatchConversions?destinationDatasetId={{destinationDatasetId}}&limit=10&orderBy=lastUpdateDate&property={{property}}&sourceBatchId={{sourceBatchId}}&start=0&status={{status}}",
							"protocol": "https",
							"host": [
								"platform",
								"adobe",
								"io"
							],
							"path": [
								"data",
								"foundation",
								"conversion",
								"xdmBatchConversions"
							],
							"query": [
								{
									"key": "destinationDatasetId",
									"value": "{{destinationDatasetId}}"
								},
								{
									"key": "limit",
									"value": "10"
								},
								{
									"key": "orderBy",
									"value": "lastUpdateDate"
								},
								{
									"key": "property",
									"value": "{{property}}"
								},
								{
									"key": "sourceBatchId",
									"value": "{{sourceBatchId}}"
								},
								{
									"key": "start",
									"value": "0"
								},
								{
									"key": "status",
									"value": "{{status}}"
								}
							]
						},
						"description": "Returns all XDM conversions"
					},
					"response": []
				},
				{
					"name": "Create XDM Conversion",
					"event": [
						{
							"listen": "prerequest",
							"script": {
								"type": "text/javascript",
								"exec": [
									"/** Begin Adobe-provided Pre-Request Scripts **/",
									"// Do not send HTTP Headers with empty variables, as Postman will send the literal variable name",
									"pm.request.headers.each(header => {",
									"    if (header.value.startsWith(\"{{\") && header.value.endsWith(\"}}\")) {",
									"        if (!pm.variables.get(header.value.substring(2, header.value.length - 2))) { pm.request.headers.remove(header.key); }",
									"    }",
									"});",
									"",
									"// Do not send HTTP URL Query Parameters with empty variables, as Postman will send the literal variable name",
									"pm.request.url.query.remove(q => { ",
									"    if (q.value.startsWith(\"{{\") && q.value.endsWith(\"}}\")) {",
									"        return !pm.variables.get(q.value.substring(2, q.value.length - 2));",
									"    } ",
									"});",
									"/** End Adobe-provided Pre-Request Scripts **/"
								]
							}
						}
					],
					"_postman_id": "e8d1a00f-a5b5-548e-aa8e-e958c4926e67",
					"request": {
						"method": "POST",
						"header": [
							{
								"key": "Content-Type",
								"value": "application/json"
							},
							{
								"key": "Authorization",
								"value": "Bearer {{ACCESS_TOKEN}}",
								"description": "The access token provided after authorization in the format “Bearer {ACCESS_TOKEN}”",
								"type": "string",
								"enabled": true
							},
							{
								"key": "x-api-key",
								"value": "{{API_KEY}}",
								"description": "Your specific API key for your unique Platform configuration ({API_KEY})",
								"type": "string",
								"enabled": true
							},
							{
								"key": "x-gw-ims-org-id",
								"value": "{{IMS_ORG}}",
								"description": "Unique Identifier for your IMS Organization ({IMS_ORG}).",
								"type": "string",
								"enabled": true
							},
							{
								"key": "x-sandbox-name",
								"value": "{{SANDBOX_NAME}}",
								"description": "The name of the sandbox in which the operation will take place. See the [sandboxes overview documentation](https://docs.adobe.com/content/help/en/experience-platform/sandbox/home.html) for more information.",
								"type": "string",
								"enabled": true
							},
							{
								"key": "Accept",
								"value": "application/vnd.adobe.xed+json; version=1",
								"description": "The desired response format (application/vnd.adobe.xed-full+json; version=1). 'Version' is required.",
								"type": "string",
								"enabled": true
							}
						],
						"body": {
							"mode": "formdata",
							"formdata": []
						},
						"url": {
							"raw": "https://platform.adobe.io/data/foundation/conversion/xdmBatchConversions?destinationDataSetId={{destinationDataSetId}}&mappingSetId={{mappingSetId}}&sourceBatchId={{sourceBatchId}}",
							"protocol": "https",
							"host": [
								"platform",
								"adobe",
								"io"
							],
							"path": [
								"data",
								"foundation",
								"conversion",
								"xdmBatchConversions"
							],
							"query": [
								{
									"key": "destinationDataSetId",
									"value": "{{destinationDataSetId}}"
								},
								{
									"key": "mappingSetId",
									"value": "{{mappingSetId}}"
								},
								{
									"key": "sourceBatchId",
									"value": "{{sourceBatchId}}"
								}
							]
						},
						"description": "Returns XDM Conversion Id"
					},
					"response": []
				},
				{
					"name": "Returns XDM Conversion info  for given id",
					"event": [
						{
							"listen": "prerequest",
							"script": {
								"type": "text/javascript",
								"exec": [
									"/** Begin Adobe-provided Pre-Request Scripts **/",
									"// Do not send HTTP Headers with empty variables, as Postman will send the literal variable name",
									"pm.request.headers.each(header => {",
									"    if (header.value.startsWith(\"{{\") && header.value.endsWith(\"}}\")) {",
									"        if (!pm.variables.get(header.value.substring(2, header.value.length - 2))) { pm.request.headers.remove(header.key); }",
									"    }",
									"});",
									"",
									"// Do not send HTTP URL Query Parameters with empty variables, as Postman will send the literal variable name",
									"pm.request.url.query.remove(q => { ",
									"    if (q.value.startsWith(\"{{\") && q.value.endsWith(\"}}\")) {",
									"        return !pm.variables.get(q.value.substring(2, q.value.length - 2));",
									"    } ",
									"});",
									"/** End Adobe-provided Pre-Request Scripts **/"
								]
							}
						}
					],
					"_postman_id": "b6d82b16-f416-5477-b3da-5464605e3926",
					"request": {
						"method": "GET",
						"header": [
							{
								"key": "Authorization",
								"value": "Bearer {{ACCESS_TOKEN}}",
								"description": "The access token provided after authorization in the format “Bearer {ACCESS_TOKEN}”",
								"type": "string",
								"enabled": true
							},
							{
								"key": "x-api-key",
								"value": "{{API_KEY}}",
								"description": "Your specific API key for your unique Platform configuration ({API_KEY})",
								"type": "string",
								"enabled": true
							},
							{
								"key": "x-gw-ims-org-id",
								"value": "{{IMS_ORG}}",
								"description": "Unique Identifier for your IMS Organization ({IMS_ORG}).",
								"type": "string",
								"enabled": true
							},
							{
								"key": "x-sandbox-name",
								"value": "{{SANDBOX_NAME}}",
								"description": "The name of the sandbox in which the operation will take place. See the [sandboxes overview documentation](https://docs.adobe.com/content/help/en/experience-platform/sandbox/home.html) for more information.",
								"type": "string",
								"enabled": true
							},
							{
								"key": "Accept",
								"value": "application/vnd.adobe.xed+json; version=1",
								"description": "The desired response format (application/vnd.adobe.xed-full+json; version=1). 'Version' is required.",
								"type": "string",
								"enabled": true
							}
						],
						"body": {
							"mode": "formdata",
							"formdata": []
						},
						"url": {
							"raw": "https://platform.adobe.io/data/foundation/conversion/xdmBatchConversions/:id",
							"protocol": "https",
							"host": [
								"platform",
								"adobe",
								"io"
							],
							"path": [
								"data",
								"foundation",
								"conversion",
								"xdmBatchConversions",
								":id"
							],
							"variable": [
								{
									"value": "{{id}}",
									"id": "id"
								}
							]
						},
						"description": "Returns XDM Conversion info"
					},
					"response": []
				},
				{
					"name": "Returns conversion activities for given request",
					"event": [
						{
							"listen": "prerequest",
							"script": {
								"type": "text/javascript",
								"exec": [
									"/** Begin Adobe-provided Pre-Request Scripts **/",
									"// Do not send HTTP Headers with empty variables, as Postman will send the literal variable name",
									"pm.request.headers.each(header => {",
									"    if (header.value.startsWith(\"{{\") && header.value.endsWith(\"}}\")) {",
									"        if (!pm.variables.get(header.value.substring(2, header.value.length - 2))) { pm.request.headers.remove(header.key); }",
									"    }",
									"});",
									"",
									"// Do not send HTTP URL Query Parameters with empty variables, as Postman will send the literal variable name",
									"pm.request.url.query.remove(q => { ",
									"    if (q.value.startsWith(\"{{\") && q.value.endsWith(\"}}\")) {",
									"        return !pm.variables.get(q.value.substring(2, q.value.length - 2));",
									"    } ",
									"});",
									"/** End Adobe-provided Pre-Request Scripts **/"
								]
							}
						}
					],
					"_postman_id": "2bc67ec4-77e5-5b13-8a70-99701ee54e21",
					"request": {
						"method": "GET",
						"header": [
							{
								"key": "Authorization",
								"value": "Bearer {{ACCESS_TOKEN}}",
								"description": "The access token provided after authorization in the format “Bearer {ACCESS_TOKEN}”",
								"type": "string",
								"enabled": true
							},
							{
								"key": "x-api-key",
								"value": "{{API_KEY}}",
								"description": "Your specific API key for your unique Platform configuration ({API_KEY})",
								"type": "string",
								"enabled": true
							},
							{
								"key": "x-gw-ims-org-id",
								"value": "{{IMS_ORG}}",
								"description": "Unique Identifier for your IMS Organization ({IMS_ORG}).",
								"type": "string",
								"enabled": true
							},
							{
								"key": "x-sandbox-name",
								"value": "{{SANDBOX_NAME}}",
								"description": "The name of the sandbox in which the operation will take place. See the [sandboxes overview documentation](https://docs.adobe.com/content/help/en/experience-platform/sandbox/home.html) for more information.",
								"type": "string",
								"enabled": true
							},
							{
								"key": "Accept",
								"value": "application/vnd.adobe.xed+json; version=1",
								"description": "The desired response format (application/vnd.adobe.xed-full+json; version=1). 'Version' is required.",
								"type": "string",
								"enabled": true
							}
						],
						"body": {
							"mode": "formdata",
							"formdata": []
						},
						"url": {
							"raw": "https://platform.adobe.io/data/foundation/conversion/xdmBatchConversions/:id/activities",
							"protocol": "https",
							"host": [
								"platform",
								"adobe",
								"io"
							],
							"path": [
								"data",
								"foundation",
								"conversion",
								"xdmBatchConversions",
								":id",
								"activities"
							],
							"variable": [
								{
									"value": "{{id}}",
									"id": "id"
								}
							]
						},
						"description": "Returns XDM Conversion Activity"
					},
					"response": []
				},
				{
					"name": "Returns conversion activities for given request",
					"event": [
						{
							"listen": "prerequest",
							"script": {
								"type": "text/javascript",
								"exec": [
									"/** Begin Adobe-provided Pre-Request Scripts **/",
									"// Do not send HTTP Headers with empty variables, as Postman will send the literal variable name",
									"pm.request.headers.each(header => {",
									"    if (header.value.startsWith(\"{{\") && header.value.endsWith(\"}}\")) {",
									"        if (!pm.variables.get(header.value.substring(2, header.value.length - 2))) { pm.request.headers.remove(header.key); }",
									"    }",
									"});",
									"",
									"// Do not send HTTP URL Query Parameters with empty variables, as Postman will send the literal variable name",
									"pm.request.url.query.remove(q => { ",
									"    if (q.value.startsWith(\"{{\") && q.value.endsWith(\"}}\")) {",
									"        return !pm.variables.get(q.value.substring(2, q.value.length - 2));",
									"    } ",
									"});",
									"/** End Adobe-provided Pre-Request Scripts **/"
								]
							}
						}
					],
					"_postman_id": "3bf3bab5-901e-5f3b-9e3c-48af34f00bc7",
					"request": {
						"method": "GET",
						"header": [
							{
								"key": "Authorization",
								"value": "Bearer {{ACCESS_TOKEN}}",
								"description": "The access token provided after authorization in the format “Bearer {ACCESS_TOKEN}”",
								"type": "string",
								"enabled": true
							},
							{
								"key": "x-api-key",
								"value": "{{API_KEY}}",
								"description": "Your specific API key for your unique Platform configuration ({API_KEY})",
								"type": "string",
								"enabled": true
							},
							{
								"key": "x-gw-ims-org-id",
								"value": "{{IMS_ORG}}",
								"description": "Unique Identifier for your IMS Organization ({IMS_ORG}).",
								"type": "string",
								"enabled": true
							},
							{
								"key": "x-sandbox-name",
								"value": "{{SANDBOX_NAME}}",
								"description": "The name of the sandbox in which the operation will take place. See the [sandboxes overview documentation](https://docs.adobe.com/content/help/en/experience-platform/sandbox/home.html) for more information.",
								"type": "string",
								"enabled": true
							},
							{
								"key": "Accept",
								"value": "application/vnd.adobe.xed+json; version=1",
								"description": "The desired response format (application/vnd.adobe.xed-full+json; version=1). 'Version' is required.",
								"type": "string",
								"enabled": true
							}
						],
						"body": {
							"mode": "formdata",
							"formdata": []
						},
						"url": {
							"raw": "https://platform.adobe.io/data/foundation/conversion/xdmBatchConversions/:requestId/activities/:activityId",
							"protocol": "https",
							"host": [
								"platform",
								"adobe",
								"io"
							],
							"path": [
								"data",
								"foundation",
								"conversion",
								"xdmBatchConversions",
								":requestId",
								"activities",
								":activityId"
							],
							"variable": [
								{
									"value": "{{activityId}}",
									"id": "activityId"
								},
								{
									"value": "{{requestId}}",
									"id": "requestId"
								}
							]
						},
						"description": "Returns XDM Conversion Activity"
					},
					"response": []
				},
				{
					"name": "completeBatchConversionActivity",
					"event": [
						{
							"listen": "prerequest",
							"script": {
								"type": "text/javascript",
								"exec": [
									"/** Begin Adobe-provided Pre-Request Scripts **/",
									"// Do not send HTTP Headers with empty variables, as Postman will send the literal variable name",
									"pm.request.headers.each(header => {",
									"    if (header.value.startsWith(\"{{\") && header.value.endsWith(\"}}\")) {",
									"        if (!pm.variables.get(header.value.substring(2, header.value.length - 2))) { pm.request.headers.remove(header.key); }",
									"    }",
									"});",
									"",
									"// Do not send HTTP URL Query Parameters with empty variables, as Postman will send the literal variable name",
									"pm.request.url.query.remove(q => { ",
									"    if (q.value.startsWith(\"{{\") && q.value.endsWith(\"}}\")) {",
									"        return !pm.variables.get(q.value.substring(2, q.value.length - 2));",
									"    } ",
									"});",
									"/** End Adobe-provided Pre-Request Scripts **/"
								]
							}
						}
					],
					"_postman_id": "15f7c246-823f-5903-acfb-42eb11b57003",
					"request": {
						"method": "GET",
						"header": [
							{
								"key": "Authorization",
								"value": "Bearer {{ACCESS_TOKEN}}",
								"description": "The access token provided after authorization in the format “Bearer {ACCESS_TOKEN}”",
								"type": "string",
								"enabled": true
							},
							{
								"key": "x-api-key",
								"value": "{{API_KEY}}",
								"description": "Your specific API key for your unique Platform configuration ({API_KEY})",
								"type": "string",
								"enabled": true
							},
							{
								"key": "x-gw-ims-org-id",
								"value": "{{IMS_ORG}}",
								"description": "Unique Identifier for your IMS Organization ({IMS_ORG}).",
								"type": "string",
								"enabled": true
							},
							{
								"key": "x-sandbox-name",
								"value": "{{SANDBOX_NAME}}",
								"description": "The name of the sandbox in which the operation will take place. See the [sandboxes overview documentation](https://docs.adobe.com/content/help/en/experience-platform/sandbox/home.html) for more information.",
								"type": "string",
								"enabled": true
							},
							{
								"key": "Accept",
								"value": "application/vnd.adobe.xed+json; version=1",
								"description": "The desired response format (application/vnd.adobe.xed-full+json; version=1). 'Version' is required.",
								"type": "string",
								"enabled": true
							}
						],
						"body": {
							"mode": "formdata",
							"formdata": []
						},
						"url": {
							"raw": "https://platform.adobe.io/data/foundation/conversion/xdmBatchConversions/:requestId/completion?status={{status}}",
							"protocol": "https",
							"host": [
								"platform",
								"adobe",
								"io"
							],
							"path": [
								"data",
								"foundation",
								"conversion",
								"xdmBatchConversions",
								":requestId",
								"completion"
							],
							"query": [
								{
									"key": "status",
									"value": "{{status}}"
								}
							],
							"variable": [
								{
									"value": "{{requestId}}",
									"id": "requestId"
								}
							]
						}
					},
					"response": []
				}
			],
			"_postman_id": "6db4c6c9-f940-5431-8298-d6ba735d84ef",
			"description": "Data Conversion Rest Controller"
		}
	]
}