{
	"info": {
		"_postman_id": "a9c17bed-cffb-56b3-90b9-1f64fe149836",
		"name": "Observability Insights",
		"description": "The Observability Insights Service is used to collect and expose metrics data from various components of Observability. It listens to events broadcasting on the data pipeline and collects metrics on resources and statistics on data ingestion.\n\nRelated documentation:\n  * [Observability Insights documentation](https://docs.adobe.com/content/help/en/experience-platform/observability/home.html)\n\nVisualize API calls with Postman (a free, third-party software):\n  * [Observability Insights Service API Postman collection on GitHub](https://github.com/adobe/experience-platform-postman-samples/blob/master/apis/experience-platform/Observability%20Insights.postman_collection.json)\n  * [Video guide for creating the Postman environment](https://video.tv.adobe.com/v/28832)\n  * [Steps for importing environments and collections in Postman](https://learning.getpostman.com/docs/postman/collection_runs/using_environments_in_collection_runs/)\n\nAPI paths:\n  * PLATFORM Gateway URL: https://<span>platform.adobe.io/\n  * Base path for this API: /data/infrastructure/observability/insights\n  * Example of a complete path: https://<span>platform.adobe.io/data/infrastructure/observability/insights/metrics\n\nRequired headers:\n  * All calls require the headers `Authorization`, `x-gw-ims-org-id`, and `x-api-key`. For more information on how to obtain these values, see the [authentication tutorial](https://docs.adobe.com/content/help/en/experience-platform/tutorials/authentication.html).\n  * All resources in Experience Platform are isolated to specific virtual sandboxes. All requests to Platform APIs require the header `x-sandbox-name` whose value is the all-lowercase name of the sandbox the operation will take place in (for example, \"prod\"). See the [sandboxes overview](https://docs.adobe.com/content/help/en/experience-platform/sandbox/home.html) for more information.\n  * All requests with a payload in the request body (such as POST, PUT, and PATCH calls) must include the header `Content-Type` with a value of `application/json`.",
		"schema": "https://schema.getpostman.com/json/collection/v2.1.0/collection.json"
	},
	"item": [
		{
			"name": "Metrics",
			"item": [
				{
					"name": "List metrics data.",
					"event": [
						{
							"listen": "prerequest",
							"script": {
								"type": "text/javascript",
								"exec": [
									"/** Begin Adobe-provided Pre-Request Scripts **/",
									"// Do not send HTTP Headers with empty variables, as Postman will send the literal variable name",
									"pm.request.headers.each(header => {",
									"    if (header.value.startsWith(\"{{\") && header.value.endsWith(\"}}\")) {",
									"        if (!pm.variables.get(header.value.substring(2, header.value.length - 2))) { pm.request.headers.remove(header.key); }",
									"    }",
									"});",
									"",
									"// Do not send HTTP URL Query Parameters with empty variables, as Postman will send the literal variable name",
									"pm.request.url.query.remove(q => { ",
									"    if (q.value.startsWith(\"{{\") && q.value.endsWith(\"}}\")) {",
									"        return !pm.variables.get(q.value.substring(2, q.value.length - 2));",
									"    } ",
									"});",
									"/** End Adobe-provided Pre-Request Scripts **/"
								]
							}
						}
					],
					"_postman_id": "20a5802a-86c9-59da-af22-275874e7f28b",
					"request": {
						"method": "GET",
						"header": [
							{
								"key": "Accept",
								"value": "application/json, application/problem+json"
							},
							{
								"key": "Authorization",
								"value": "Bearer {{ACCESS_TOKEN}}",
								"description": "The access token provided after authorization in the format \"Bearer {ACCESS_TOKEN}\"",
								"type": "string",
								"enabled": true
							},
							{
								"key": "x-gw-ims-org-id",
								"value": "{{IMS_ORG}}",
								"description": "Unique Identifier for your IMS Organization ({IMS_ORG})",
								"type": "string",
								"enabled": true
							},
							{
								"key": "x-api-key",
								"value": "{{API_KEY}}",
								"description": "Your specific API key for your unique Platform configuration ({API_KEY})",
								"type": "string",
								"enabled": true
							},
							{
								"key": "x-sandbox-name",
								"value": "{{SANDBOX_NAME}}",
								"description": "The name of the sandbox in which the operation will take place. See the [sandboxes overview documentation](https://docs.adobe.com/content/help/en/experience-platform/sandbox/home.html) for more information.",
								"type": "string",
								"enabled": true
							}
						],
						"body": {
							"mode": "formdata",
							"formdata": []
						},
						"url": {
							"raw": "https://platform.adobe.io/data/infrastructure/observability/insights/metrics?metric={{metric}}&id={{id}}&dateRange={{dateRange}}",
							"protocol": "https",
							"host": [
								"platform",
								"adobe",
								"io"
							],
							"path": [
								"data",
								"infrastructure",
								"observability",
								"insights",
								"metrics"
							],
							"query": [
								{
									"key": "metric",
									"value": "{{metric}}"
								},
								{
									"key": "id",
									"value": "{{id}}"
								},
								{
									"key": "dateRange",
									"value": "{{dateRange}}"
								}
							]
						}
					},
					"response": []
				}
			],
			"_postman_id": "189d9835-4dba-5ce2-8fe7-e123a44f2428",
			"description": "Observability metrics are parameters used to gain statistical insights into actions being performed in Adobe Experience Platform. These insights include counts of available Platform resources and statistics on data ingestion."
		}
	]
}