{
	"info": {
		"_postman_id": "85b3a546-2fce-5a16-a9d8-ed09ee984843",
		"name": "Offer Decision Service API",
		"description": "Adobe Experience Platform Decisioning Service provides the ability to programmatically and intelligently select the ‘Next Best Experience’ from a set of available options for a given individual, deliver them to any channel or application, and perform reporting and analysis on those experiences. The Offer Decision Service API includes an endpoint to filter out offers which are not approved, do not match the offer filter, or don’t have a representation for the placement referenced by the activity. It also allows you to run diagnostics and return a timestamp indicating when the offer catalog and/or activities were last updated, and a list of errors that occurred when doing so.\n\nRelated documentation:\n  * [Decisioning Service documentation](https://docs.adobe.com/content/help/en/experience-platform/decisioning/home.html)\n\nVisualize API calls with Postman (a free, third-party software):\n  * [Offer Decision Service API Postman collection on GitHub](https://github.com/adobe/experience-platform-postman-samples/blob/master/apis/experience-platform/Offer%20Decision%20Service%20API.postman_collection.json)\n  * [Video guide for creating the Postman environment](https://video.tv.adobe.com/v/28832)\n  * [Steps for importing environments and collections in Postman](https://learning.getpostman.com/docs/postman/collection_runs/using_environments_in_collection_runs/)\n\nAPI paths:\n  * PLATFORM Gateway URL: https://<span>platform.adobe.io/\n  * Base path for this API: /data/core/ode\n  * Example of a complete path: https://<span>platform.adobe.io/data/core/ode/{containerId}/decisions\n\nRequired headers:\n  * All calls require the headers `Authorization`, `x-gw-ims-org-id`, and `x-api-key`. For more information on how to obtain these values, see the [authentication tutorial](https://docs.adobe.com/content/help/en/experience-platform/tutorials/authentication.html).\n  * All resources in Experience Platform are isolated to specific virtual sandboxes. All requests to Platform APIs require the header `x-sandbox-name` whose value is the all-lowercase name of the sandbox the operation will take place in (for example, \"prod\"). See the [sandboxes overview](https://docs.adobe.com/content/help/en/experience-platform/sandbox/home.html) for more information.\n  * All requests with a payload in the request body (such as POST, PUT, and PATCH calls) must include the header `Content-Type` with a value of `application/json`.",
		"schema": "https://schema.getpostman.com/json/collection/v2.1.0/collection.json"
	},
	"item": [
		{
			"name": "Decisions",
			"item": [
				{
					"name": "Request an offer decision for each set of activity IDs and profiles.",
					"event": [
						{
							"listen": "prerequest",
							"script": {
								"type": "text/javascript",
								"exec": [
									"/** Begin Adobe-provided Pre-Request Scripts **/",
									"// Do not send HTTP Headers with empty variables, as Postman will send the literal variable name",
									"pm.request.headers.each(header => {",
									"    if (header.value.startsWith(\"{{\") && header.value.endsWith(\"}}\")) {",
									"        if (!pm.variables.get(header.value.substring(2, header.value.length - 2))) { pm.request.headers.remove(header.key); }",
									"    }",
									"});",
									"",
									"// Do not send HTTP URL Query Parameters with empty variables, as Postman will send the literal variable name",
									"pm.request.url.query.remove(q => { ",
									"    if (q.value.startsWith(\"{{\") && q.value.endsWith(\"}}\")) {",
									"        return !pm.variables.get(q.value.substring(2, q.value.length - 2));",
									"    } ",
									"});",
									"/** End Adobe-provided Pre-Request Scripts **/"
								]
							}
						}
					],
					"_postman_id": "8459e1b3-b56b-5754-9baa-beb5826bbe26",
					"request": {
						"method": "POST",
						"header": [
							{
								"key": "Accept",
								"value": "application/json, application/problem+json"
							},
							{
								"key": "Content-Type",
								"value": "application/json"
							},
							{
								"key": "Authorization",
								"value": "Bearer {{ACCESS_TOKEN}}",
								"description": "Access token in the format \"Bearer {ACCESS_TOKEN}\".",
								"type": "string",
								"enabled": true
							},
							{
								"key": "x-gw-ims-org-id",
								"value": "{{IMS_ORG}}",
								"description": "IMS organization ID. The container specified in the `containerId` parameter must be owned by the IMS Org attempting to access it.",
								"type": "string",
								"enabled": true
							},
							{
								"key": "x-api-key",
								"value": "{{API_KEY}}",
								"description": "API key of calling client.",
								"type": "string",
								"enabled": true
							},
							{
								"key": "x-request-id",
								"value": "{{x-request-id}}",
								"description": "A string in UUID format that is globally unique and must not be reused for different API calls. The request ID is used for debugging purposes and tracking of each API call performed. For example, \"d41ee840-0a10-4393-ab55-12fa54cb6172\".",
								"type": "string",
								"enabled": true
							},
							{
								"key": "x-sandbox-name",
								"value": "{{SANDBOX_NAME}}",
								"description": "Identifies the Adobe Experience Platform sandbox to use. Default sandbox is 'prod'",
								"type": "string",
								"enabled": true
							}
						],
						"body": {
							"mode": "raw",
							"raw": "{{request}}"
						},
						"url": {
							"raw": "https://platform.adobe.io/data/core/ode/:containerId/decisions",
							"protocol": "https",
							"host": [
								"platform",
								"adobe",
								"io"
							],
							"path": [
								"data",
								"core",
								"ode",
								":containerId",
								"decisions"
							],
							"variable": [
								{
									"value": "{{containerId}}",
									"id": "containerId"
								}
							]
						},
						"description": "Determine the best offer(s) for a given set of activities based on eligibility rules that match profile and context data provided."
					},
					"response": []
				}
			],
			"_postman_id": "48b640ea-db75-538b-b5fd-3ad4b90a20cc",
			"description": "Determine the best offer(s) for a given set of activities based on eligibility rules that match profile and context data provided."
		},
		{
			"name": "Diagnostics",
			"item": [
				{
					"name": "Get information about errors that occurred while processing user data.",
					"event": [
						{
							"listen": "prerequest",
							"script": {
								"type": "text/javascript",
								"exec": [
									"/** Begin Adobe-provided Pre-Request Scripts **/",
									"// Do not send HTTP Headers with empty variables, as Postman will send the literal variable name",
									"pm.request.headers.each(header => {",
									"    if (header.value.startsWith(\"{{\") && header.value.endsWith(\"}}\")) {",
									"        if (!pm.variables.get(header.value.substring(2, header.value.length - 2))) { pm.request.headers.remove(header.key); }",
									"    }",
									"});",
									"",
									"// Do not send HTTP URL Query Parameters with empty variables, as Postman will send the literal variable name",
									"pm.request.url.query.remove(q => { ",
									"    if (q.value.startsWith(\"{{\") && q.value.endsWith(\"}}\")) {",
									"        return !pm.variables.get(q.value.substring(2, q.value.length - 2));",
									"    } ",
									"});",
									"/** End Adobe-provided Pre-Request Scripts **/"
								]
							}
						}
					],
					"_postman_id": "6b2025c1-5c11-5589-8d7b-5e777b231867",
					"request": {
						"method": "GET",
						"header": [
							{
								"key": "Accept",
								"value": "application/vnd.adobe.xdm+json, application/problem+json"
							},
							{
								"key": "Content-Type",
								"value": "application/json"
							},
							{
								"key": "Authorization",
								"value": "Bearer {{ACCESS_TOKEN}}",
								"description": "Access token in the format \"Bearer {ACCESS_TOKEN}\".",
								"type": "string",
								"enabled": true
							},
							{
								"key": "x-gw-ims-org-id",
								"value": "{{IMS_ORG}}",
								"description": "IMS organization ID. The container specified in the `containerId` parameter must be owned by the IMS Org attempting to access it.",
								"type": "string",
								"enabled": true
							},
							{
								"key": "x-api-key",
								"value": "{{API_KEY}}",
								"description": "API key of calling client.",
								"type": "string",
								"enabled": true
							},
							{
								"key": "x-request-id",
								"value": "{{x-request-id}}",
								"description": "A string in UUID format that is globally unique and must not be reused for different API calls. The request ID is used for debugging purposes and tracking of each API call performed. For example, \"d41ee840-0a10-4393-ab55-12fa54cb6172\".",
								"type": "string",
								"enabled": true
							},
							{
								"key": "x-sandbox-name",
								"value": "{{SANDBOX_NAME}}",
								"description": "Identifies the Adobe Experience Platform sandbox to use. Default sandbox is 'prod'",
								"type": "string",
								"enabled": true
							}
						],
						"body": {
							"mode": "formdata",
							"formdata": []
						},
						"url": {
							"raw": "https://platform.adobe.io/data/core/ode/:containerId/diagnostics",
							"protocol": "https",
							"host": [
								"platform",
								"adobe",
								"io"
							],
							"path": [
								"data",
								"core",
								"ode",
								":containerId",
								"diagnostics"
							],
							"variable": [
								{
									"value": "{{containerId}}",
									"id": "containerId"
								}
							]
						},
						"description": "This endpoint returns a timestamp indicating when the offer catalog and/or activities were last updated, and a list of errors that occurred when doing so. An empty list indicates that there were no errors."
					},
					"response": []
				}
			],
			"_postman_id": "583f026e-3771-5cf0-a20e-465262df5dee",
			"description": "Return a timestamp indicating when the offer catalog and/or activities were last updated, and a list of errors that occurred when doing so."
		},
		{
			"name": "Offers",
			"item": [
				{
					"name": "View offers that belong to a specified `activityId` based on matching filter rules and placements.",
					"event": [
						{
							"listen": "prerequest",
							"script": {
								"type": "text/javascript",
								"exec": [
									"/** Begin Adobe-provided Pre-Request Scripts **/",
									"// Do not send HTTP Headers with empty variables, as Postman will send the literal variable name",
									"pm.request.headers.each(header => {",
									"    if (header.value.startsWith(\"{{\") && header.value.endsWith(\"}}\")) {",
									"        if (!pm.variables.get(header.value.substring(2, header.value.length - 2))) { pm.request.headers.remove(header.key); }",
									"    }",
									"});",
									"",
									"// Do not send HTTP URL Query Parameters with empty variables, as Postman will send the literal variable name",
									"pm.request.url.query.remove(q => { ",
									"    if (q.value.startsWith(\"{{\") && q.value.endsWith(\"}}\")) {",
									"        return !pm.variables.get(q.value.substring(2, q.value.length - 2));",
									"    } ",
									"});",
									"/** End Adobe-provided Pre-Request Scripts **/"
								]
							}
						}
					],
					"_postman_id": "63876e45-1d0c-579d-9a9d-27fde4a649a0",
					"request": {
						"method": "GET",
						"header": [
							{
								"key": "Accept",
								"value": "application/json, application/problem+json"
							},
							{
								"key": "Content-Type",
								"value": "application/json"
							},
							{
								"key": "Authorization",
								"value": "Bearer {{ACCESS_TOKEN}}",
								"description": "Access token in the format \"Bearer {ACCESS_TOKEN}\".",
								"type": "string",
								"enabled": true
							},
							{
								"key": "x-gw-ims-org-id",
								"value": "{{IMS_ORG}}",
								"description": "IMS organization ID. The container specified in the `containerId` parameter must be owned by the IMS Org attempting to access it.",
								"type": "string",
								"enabled": true
							},
							{
								"key": "x-api-key",
								"value": "{{API_KEY}}",
								"description": "API key of calling client.",
								"type": "string",
								"enabled": true
							},
							{
								"key": "x-request-id",
								"value": "{{x-request-id}}",
								"description": "A string in UUID format that is globally unique and must not be reused for different API calls. The request ID is used for debugging purposes and tracking of each API call performed. For example, \"d41ee840-0a10-4393-ab55-12fa54cb6172\".",
								"type": "string",
								"enabled": true
							},
							{
								"key": "x-sandbox-name",
								"value": "{{SANDBOX_NAME}}",
								"description": "Identifies the Adobe Experience Platform sandbox to use. Default sandbox is 'prod'",
								"type": "string",
								"enabled": true
							}
						],
						"body": {
							"mode": "formdata",
							"formdata": []
						},
						"url": {
							"raw": "https://platform.adobe.io/data/core/ode/:containerId/offers?activityId={{activityId}}",
							"protocol": "https",
							"host": [
								"platform",
								"adobe",
								"io"
							],
							"path": [
								"data",
								"core",
								"ode",
								":containerId",
								"offers"
							],
							"query": [
								{
									"key": "activityId",
									"value": "{{activityId}}"
								}
							],
							"variable": [
								{
									"value": "{{containerId}}",
									"id": "containerId"
								}
							]
						},
						"description": "This endpoint returns approved offers that belong to a specific `activityId` based on filter rules and placement match."
					},
					"response": []
				}
			],
			"_postman_id": "50da4868-bcc3-591a-b1c9-eaa3b5dd8d62",
			"description": "Based on filter rules and placement match, return approved offers that belong to a specific `activityId`."
		}
	]
}