{
	"info": {
		"_postman_id": "81656699-1280-594e-80ff-75485f86f4a8",
		"name": "Privacy Service API",
		"description": "- Service description:\n  - Adobe Experience Platform Privacy Service provides a common, centralized facilitation of access/delete requests and opt-out-of-sale requests for private data. The service includes a UI for selecting and creating requests, a business layer that processes incoming and outgoing traffic, a data store for audit and logging information, and temporary storage for data retrieval while requests are pending or waiting to be viewed.\n\n- Related documentation:\n  - [Privacy Service documentation](https://docs.adobe.com/content/help/en/experience-platform/privacy/home.html)\n\n- Visualize API calls with Postman (a free, third-party software):\n  - [Privacy Service API Postman collection on GitHub](https://github.com/adobe/experience-platform-postman-samples/blob/master/apis/experience-platform/Privacy%20Service%20API.postman_collection.json)\n  - [Video guide for creating the Postman environment](https://video.tv.adobe.com/v/28832)\n  - [Steps for importing environments and collections in Postman](https://learning.getpostman.com/docs/postman/collection_runs/using_environments_in_collection_runs/)\n\n- API paths:\n  - PLATFORM Gateway URL: https://<span>platform.adobe.io/\n  - Base path for this API: /data/core/privacy\n  - Example of a complete path: https://<span>platform.adobe.io/data/core/privacy/jobs\n\n- Required headers:\n  - All calls require the headers `Authorization`, `x-gw-ims-org-id`, and `x-api-key`. For more information on how to obtain these values, see the [authentication tutorial](https://docs.adobe.com/content/help/en/experience-platform/tutorials/authentication.html).\n  - All resources in Experience Platform are isolated to specific virtual sandboxes. All requests to Platform APIs require the header `x-sandbox-name` whose value is the all-lowercase name of the sandbox the operation will take place in (for example, \"prod\"). See the [sandboxes overview](https://docs.adobe.com/content/help/en/experience-platform/sandbox/home.html) for more information.\n  - All requests with a payload in the request body (such as POST, PUT, and PATCH calls) must include the header `Content-Type` with a value of `application/json`.",
		"schema": "https://schema.getpostman.com/json/collection/v2.1.0/collection.json"
	},
	"item": [
		{
			"name": "Consent",
			"item": [
				{
					"name": "Process a customer consent request.",
					"event": [
						{
							"listen": "prerequest",
							"script": {
								"type": "text/javascript",
								"exec": [
									"/** Begin Adobe-provided Pre-Request Scripts **/",
									"// Do not send HTTP Headers with empty variables, as Postman will send the literal variable name",
									"pm.request.headers.each(header => {",
									"    if (header.value.startsWith(\"{{\") && header.value.endsWith(\"}}\")) {",
									"        if (!pm.variables.get(header.value.substring(2, header.value.length - 2))) { pm.request.headers.remove(header.key); }",
									"    }",
									"});",
									"",
									"// Do not send HTTP URL Query Parameters with empty variables, as Postman will send the literal variable name",
									"pm.request.url.query.remove(q => { ",
									"    if (q.value.startsWith(\"{{\") && q.value.endsWith(\"}}\")) {",
									"        return !pm.variables.get(q.value.substring(2, q.value.length - 2));",
									"    } ",
									"});",
									"/** End Adobe-provided Pre-Request Scripts **/"
								]
							}
						}
					],
					"_postman_id": "45fd6227-d18e-5440-9fa8-1fd70636fb77",
					"request": {
						"method": "POST",
						"header": [
							{
								"key": "Content-Type",
								"value": "application/json"
							},
							{
								"key": "Authorization",
								"value": "Bearer {{ACCESS_TOKEN}}",
								"description": "The access token provided after authorization in the format \"Bearer {ACCESS_TOKEN}\". See the [authentication tutorial](https://docs.adobe.com/content/help/en/experience-platform/tutorials/authentication.html) for steps on how to obtain this value.",
								"type": "string",
								"enabled": true
							},
							{
								"key": "x-api-key",
								"value": "{{API_KEY}}",
								"description": "Your specific API key for your unique Platform configuration ({API_KEY}). See the [authentication tutorial](https://docs.adobe.com/content/help/en/experience-platform/tutorials/authentication.html) for steps on how to obtain this value.",
								"type": "string",
								"enabled": true
							},
							{
								"key": "x-gw-ims-org-id",
								"value": "{{IMS_ORG}}",
								"description": "Unique Identifier for your IMS Organization ({IMS_ORG}). See the [authentication tutorial](https://docs.adobe.com/content/help/en/experience-platform/tutorials/authentication.html) for steps on how to obtain this value.",
								"type": "string",
								"enabled": true
							},
							{
								"key": "x-sandbox-name",
								"value": "{{SANDBOX_NAME}}",
								"description": "The name of the Adobe Experience Platform sandbox in which the operation will take place. See the [sandboxes overview documentation](https://docs.adobe.com/content/help/en/experience-platform/sandbox/home.html) for more information.",
								"type": "string",
								"enabled": true
							},
							{
								"key": "Accept",
								"value": "application/vnd.adobe.xed+json; version=1",
								"description": "The desired response format (application/vnd.adobe.xed-full+json; version=1). 'Version' is required.",
								"type": "string",
								"enabled": true
							}
						],
						"body": {
							"mode": "raw",
							"raw": "{{body}}"
						},
						"url": {
							"raw": "https://platform.adobe.io/data/core/privacy/consent",
							"protocol": "https",
							"host": [
								"platform",
								"adobe",
								"io"
							],
							"path": [
								"data",
								"core",
								"privacy",
								"consent"
							]
						}
					},
					"response": []
				}
			],
			"_postman_id": "5aabdd95-963f-52c2-ae31-335e47f538c4",
			"description": "Certain regulations require explicit customer consent before their personal data can be collected."
		},
		{
			"name": "Privacy Jobs",
			"item": [
				{
					"name": "List the details of all privacy jobs for your IMS Organization.",
					"event": [
						{
							"listen": "prerequest",
							"script": {
								"type": "text/javascript",
								"exec": [
									"/** Begin Adobe-provided Pre-Request Scripts **/",
									"// Do not send HTTP Headers with empty variables, as Postman will send the literal variable name",
									"pm.request.headers.each(header => {",
									"    if (header.value.startsWith(\"{{\") && header.value.endsWith(\"}}\")) {",
									"        if (!pm.variables.get(header.value.substring(2, header.value.length - 2))) { pm.request.headers.remove(header.key); }",
									"    }",
									"});",
									"",
									"// Do not send HTTP URL Query Parameters with empty variables, as Postman will send the literal variable name",
									"pm.request.url.query.remove(q => { ",
									"    if (q.value.startsWith(\"{{\") && q.value.endsWith(\"}}\")) {",
									"        return !pm.variables.get(q.value.substring(2, q.value.length - 2));",
									"    } ",
									"});",
									"/** End Adobe-provided Pre-Request Scripts **/"
								]
							}
						}
					],
					"_postman_id": "d3aa4011-2c9f-551a-8817-991bb23f682b",
					"request": {
						"method": "GET",
						"header": [
							{
								"key": "Authorization",
								"value": "Bearer {{ACCESS_TOKEN}}",
								"description": "The access token provided after authorization in the format \"Bearer {ACCESS_TOKEN}\". See the [authentication tutorial](https://docs.adobe.com/content/help/en/experience-platform/tutorials/authentication.html) for steps on how to obtain this value.",
								"type": "string",
								"enabled": true
							},
							{
								"key": "x-api-key",
								"value": "{{API_KEY}}",
								"description": "Your specific API key for your unique Platform configuration ({API_KEY}). See the [authentication tutorial](https://docs.adobe.com/content/help/en/experience-platform/tutorials/authentication.html) for steps on how to obtain this value.",
								"type": "string",
								"enabled": true
							},
							{
								"key": "x-gw-ims-org-id",
								"value": "{{IMS_ORG}}",
								"description": "Unique Identifier for your IMS Organization ({IMS_ORG}). See the [authentication tutorial](https://docs.adobe.com/content/help/en/experience-platform/tutorials/authentication.html) for steps on how to obtain this value.",
								"type": "string",
								"enabled": true
							},
							{
								"key": "x-sandbox-name",
								"value": "{{SANDBOX_NAME}}",
								"description": "The name of the Adobe Experience Platform sandbox in which the operation will take place. See the [sandboxes overview documentation](https://docs.adobe.com/content/help/en/experience-platform/sandbox/home.html) for more information.",
								"type": "string",
								"enabled": true
							},
							{
								"key": "Accept",
								"value": "application/vnd.adobe.xed+json; version=1",
								"description": "The desired response format (application/vnd.adobe.xed-full+json; version=1). 'Version' is required.",
								"type": "string",
								"enabled": true
							}
						],
						"body": {
							"mode": "formdata",
							"formdata": []
						},
						"url": {
							"raw": "https://platform.adobe.io/data/core/privacy/jobs?regulation={{regulation}}&size=25&page=1&status={{status}}&fromDate={{fromDate}}&toDate={{toDate}}&filterDate={{filterDate}}",
							"protocol": "https",
							"host": [
								"platform",
								"adobe",
								"io"
							],
							"path": [
								"data",
								"core",
								"privacy",
								"jobs"
							],
							"query": [
								{
									"key": "regulation",
									"value": "{{regulation}}"
								},
								{
									"key": "size",
									"value": "25"
								},
								{
									"key": "page",
									"value": "1"
								},
								{
									"key": "status",
									"value": "{{status}}"
								},
								{
									"key": "fromDate",
									"value": "{{fromDate}}"
								},
								{
									"key": "toDate",
									"value": "{{toDate}}"
								},
								{
									"key": "filterDate",
									"value": "{{filterDate}}"
								}
							]
						}
					},
					"response": []
				},
				{
					"name": "Create a new privacy job.",
					"event": [
						{
							"listen": "prerequest",
							"script": {
								"type": "text/javascript",
								"exec": [
									"/** Begin Adobe-provided Pre-Request Scripts **/",
									"// Do not send HTTP Headers with empty variables, as Postman will send the literal variable name",
									"pm.request.headers.each(header => {",
									"    if (header.value.startsWith(\"{{\") && header.value.endsWith(\"}}\")) {",
									"        if (!pm.variables.get(header.value.substring(2, header.value.length - 2))) { pm.request.headers.remove(header.key); }",
									"    }",
									"});",
									"",
									"// Do not send HTTP URL Query Parameters with empty variables, as Postman will send the literal variable name",
									"pm.request.url.query.remove(q => { ",
									"    if (q.value.startsWith(\"{{\") && q.value.endsWith(\"}}\")) {",
									"        return !pm.variables.get(q.value.substring(2, q.value.length - 2));",
									"    } ",
									"});",
									"/** End Adobe-provided Pre-Request Scripts **/"
								]
							}
						}
					],
					"_postman_id": "5d76dd4c-db3a-55aa-9006-b8ee0fa10d1c",
					"request": {
						"method": "POST",
						"header": [
							{
								"key": "Content-Type",
								"value": "application/json"
							},
							{
								"key": "Authorization",
								"value": "Bearer {{ACCESS_TOKEN}}",
								"description": "The access token provided after authorization in the format \"Bearer {ACCESS_TOKEN}\". See the [authentication tutorial](https://docs.adobe.com/content/help/en/experience-platform/tutorials/authentication.html) for steps on how to obtain this value.",
								"type": "string",
								"enabled": true
							},
							{
								"key": "x-api-key",
								"value": "{{API_KEY}}",
								"description": "Your specific API key for your unique Platform configuration ({API_KEY}). See the [authentication tutorial](https://docs.adobe.com/content/help/en/experience-platform/tutorials/authentication.html) for steps on how to obtain this value.",
								"type": "string",
								"enabled": true
							},
							{
								"key": "x-gw-ims-org-id",
								"value": "{{IMS_ORG}}",
								"description": "Unique Identifier for your IMS Organization ({IMS_ORG}). See the [authentication tutorial](https://docs.adobe.com/content/help/en/experience-platform/tutorials/authentication.html) for steps on how to obtain this value.",
								"type": "string",
								"enabled": true
							},
							{
								"key": "x-sandbox-name",
								"value": "{{SANDBOX_NAME}}",
								"description": "The name of the Adobe Experience Platform sandbox in which the operation will take place. See the [sandboxes overview documentation](https://docs.adobe.com/content/help/en/experience-platform/sandbox/home.html) for more information.",
								"type": "string",
								"enabled": true
							},
							{
								"key": "Accept",
								"value": "application/vnd.adobe.xed+json; version=1",
								"description": "The desired response format (application/vnd.adobe.xed-full+json; version=1). 'Version' is required.",
								"type": "string",
								"enabled": true
							}
						],
						"body": {
							"mode": "raw",
							"raw": "{{body}}"
						},
						"url": {
							"raw": "https://platform.adobe.io/data/core/privacy/jobs",
							"protocol": "https",
							"host": [
								"platform",
								"adobe",
								"io"
							],
							"path": [
								"data",
								"core",
								"privacy",
								"jobs"
							]
						}
					},
					"response": []
				},
				{
					"name": "Retrieve the details of a job by ID.",
					"event": [
						{
							"listen": "prerequest",
							"script": {
								"type": "text/javascript",
								"exec": [
									"/** Begin Adobe-provided Pre-Request Scripts **/",
									"// Do not send HTTP Headers with empty variables, as Postman will send the literal variable name",
									"pm.request.headers.each(header => {",
									"    if (header.value.startsWith(\"{{\") && header.value.endsWith(\"}}\")) {",
									"        if (!pm.variables.get(header.value.substring(2, header.value.length - 2))) { pm.request.headers.remove(header.key); }",
									"    }",
									"});",
									"",
									"// Do not send HTTP URL Query Parameters with empty variables, as Postman will send the literal variable name",
									"pm.request.url.query.remove(q => { ",
									"    if (q.value.startsWith(\"{{\") && q.value.endsWith(\"}}\")) {",
									"        return !pm.variables.get(q.value.substring(2, q.value.length - 2));",
									"    } ",
									"});",
									"/** End Adobe-provided Pre-Request Scripts **/"
								]
							}
						}
					],
					"_postman_id": "b76c7012-c9c8-5c99-a530-4376dc47d10e",
					"request": {
						"method": "GET",
						"header": [
							{
								"key": "Authorization",
								"value": "Bearer {{ACCESS_TOKEN}}",
								"description": "The access token provided after authorization in the format \"Bearer {ACCESS_TOKEN}\". See the [authentication tutorial](https://docs.adobe.com/content/help/en/experience-platform/tutorials/authentication.html) for steps on how to obtain this value.",
								"type": "string",
								"enabled": true
							},
							{
								"key": "x-api-key",
								"value": "{{API_KEY}}",
								"description": "Your specific API key for your unique Platform configuration ({API_KEY}). See the [authentication tutorial](https://docs.adobe.com/content/help/en/experience-platform/tutorials/authentication.html) for steps on how to obtain this value.",
								"type": "string",
								"enabled": true
							},
							{
								"key": "x-gw-ims-org-id",
								"value": "{{IMS_ORG}}",
								"description": "Unique Identifier for your IMS Organization ({IMS_ORG}). See the [authentication tutorial](https://docs.adobe.com/content/help/en/experience-platform/tutorials/authentication.html) for steps on how to obtain this value.",
								"type": "string",
								"enabled": true
							},
							{
								"key": "x-sandbox-name",
								"value": "{{SANDBOX_NAME}}",
								"description": "The name of the Adobe Experience Platform sandbox in which the operation will take place. See the [sandboxes overview documentation](https://docs.adobe.com/content/help/en/experience-platform/sandbox/home.html) for more information.",
								"type": "string",
								"enabled": true
							},
							{
								"key": "Accept",
								"value": "application/vnd.adobe.xed+json; version=1",
								"description": "The desired response format (application/vnd.adobe.xed-full+json; version=1). 'Version' is required.",
								"type": "string",
								"enabled": true
							}
						],
						"body": {
							"mode": "formdata",
							"formdata": []
						},
						"url": {
							"raw": "https://platform.adobe.io/data/core/privacy/jobs/:JOB_ID",
							"protocol": "https",
							"host": [
								"platform",
								"adobe",
								"io"
							],
							"path": [
								"data",
								"core",
								"privacy",
								"jobs",
								":JOB_ID"
							],
							"variable": [
								{
									"value": "{{JOB_ID}}",
									"id": "JOB_ID"
								}
							]
						}
					},
					"response": []
				},
				{
					"name": "Create child job for an existing parent job.",
					"event": [
						{
							"listen": "prerequest",
							"script": {
								"type": "text/javascript",
								"exec": [
									"/** Begin Adobe-provided Pre-Request Scripts **/",
									"// Do not send HTTP Headers with empty variables, as Postman will send the literal variable name",
									"pm.request.headers.each(header => {",
									"    if (header.value.startsWith(\"{{\") && header.value.endsWith(\"}}\")) {",
									"        if (!pm.variables.get(header.value.substring(2, header.value.length - 2))) { pm.request.headers.remove(header.key); }",
									"    }",
									"});",
									"",
									"// Do not send HTTP URL Query Parameters with empty variables, as Postman will send the literal variable name",
									"pm.request.url.query.remove(q => { ",
									"    if (q.value.startsWith(\"{{\") && q.value.endsWith(\"}}\")) {",
									"        return !pm.variables.get(q.value.substring(2, q.value.length - 2));",
									"    } ",
									"});",
									"/** End Adobe-provided Pre-Request Scripts **/"
								]
							}
						}
					],
					"_postman_id": "a29ff4e3-f856-5a55-8e4d-ef6f69eccdac",
					"request": {
						"method": "POST",
						"header": [
							{
								"key": "Content-Type",
								"value": "application/json"
							},
							{
								"key": "Authorization",
								"value": "Bearer {{ACCESS_TOKEN}}",
								"description": "The access token provided after authorization in the format \"Bearer {ACCESS_TOKEN}\". See the [authentication tutorial](https://docs.adobe.com/content/help/en/experience-platform/tutorials/authentication.html) for steps on how to obtain this value.",
								"type": "string",
								"enabled": true
							},
							{
								"key": "x-api-key",
								"value": "{{API_KEY}}",
								"description": "Your specific API key for your unique Platform configuration ({API_KEY}). See the [authentication tutorial](https://docs.adobe.com/content/help/en/experience-platform/tutorials/authentication.html) for steps on how to obtain this value.",
								"type": "string",
								"enabled": true
							},
							{
								"key": "x-gw-ims-org-id",
								"value": "{{IMS_ORG}}",
								"description": "Unique Identifier for your IMS Organization ({IMS_ORG}). See the [authentication tutorial](https://docs.adobe.com/content/help/en/experience-platform/tutorials/authentication.html) for steps on how to obtain this value.",
								"type": "string",
								"enabled": true
							},
							{
								"key": "x-sandbox-name",
								"value": "{{SANDBOX_NAME}}",
								"description": "The name of the Adobe Experience Platform sandbox in which the operation will take place. See the [sandboxes overview documentation](https://docs.adobe.com/content/help/en/experience-platform/sandbox/home.html) for more information.",
								"type": "string",
								"enabled": true
							},
							{
								"key": "Accept",
								"value": "application/vnd.adobe.xed+json; version=1",
								"description": "The desired response format (application/vnd.adobe.xed-full+json; version=1). 'Version' is required.",
								"type": "string",
								"enabled": true
							}
						],
						"body": {
							"mode": "raw",
							"raw": "{{body}}"
						},
						"url": {
							"raw": "https://platform.adobe.io/data/core/privacy/jobs/:JOB_ID/child-job",
							"protocol": "https",
							"host": [
								"platform",
								"adobe",
								"io"
							],
							"path": [
								"data",
								"core",
								"privacy",
								"jobs",
								":JOB_ID",
								"child-job"
							],
							"variable": [
								{
									"value": "{{JOB_ID}}",
									"id": "JOB_ID"
								}
							]
						}
					},
					"response": []
				}
			],
			"_postman_id": "5766e343-1a0b-5ce0-b2de-8cd6c60ea347",
			"description": "Privacy jobs process customer privacy requests, including access/delete and opt-out requests. Each privacy job is tracked under a specific regulation."
		}
	]
}